Years,English,Polish,Russian,Ukrainian,Lithuanian,German,Japanese,Spanish; Castilian,French,Italian,Chinese,Persian,Portuguese,Arabic,Turkish,Indonesian,Dutch; Flemish
2020,1.4990775472903325e-05,2.7984547184308787e-05,2.2659970173613644e-05,7.307968030312716e-05,5.191484988078864e-05,2.7158524459887177e-05,6.77163229067407e-06,2.896498814979864e-05,2.3251155911382835e-05,2.569857914262927e-05,1.3251845114274998e-05,2.191807275527558e-05,5.0570693452535966e-05,2.1272501567526267e-05,2.691556083578083e-05,1.2496821428090204e-05,0.0001768327308682114
2021,1.611776685316766e-05,3.023995619417866e-05,2.0072851420005866e-05,0.00013511233565175558,4.9519004536506666e-05,2.3044855733358568e-05,7.350212079925625e-06,3.0355354155576427e-05,2.4073587543921445e-05,2.9537690599254698e-05,1.2356956536487828e-05,2.1832399421582255e-05,4.1777732934472395e-05,2.5106026477479714e-05,2.7350299394899617e-05,1.5328162597750446e-05,0.00017342072619930683
2022,2.3333271999882743e-05,3.661929970505731e-05,2.186511623006379e-05,0.00018773583809193704,7.698740170628655e-05,3.42053169418857e-05,8.038939084687432e-06,4.356754818121196e-05,2.8823197820232307e-05,3.978694236140697e-05,1.5655372131068058e-05,3.134239699797944e-05,9.905496697888682e-05,3.4371431175462074e-05,3.8116087617561026e-05,2.034145829693497e-05,0.0002077125751119835
2023,2.3688950462403136e-05,4.169164813896943e-05,2.421891914018962e-05,9.455060904765391e-05,7.325870117098967e-05,3.780596498729227e-05,9.335519574077762e-06,3.993515903333951e-05,2.5803384343832392e-05,3.58057499348699e-05,1.8114371542189192e-05,3.0181209434742618e-05,8.849100858306287e-05,2.7684886166321277e-05,4.053940533008355e-05,1.909311019105587e-05,0.00024374551851856786
2024,1.7041155898059126e-05,3.3065510581075435e-05,1.8329446077041635e-05,3.2688823527801456e-05,6.785690302126655e-05,2.8945626365642426e-05,8.23600222678294e-06,2.9541690957350083e-05,2.0769234935801374e-05,2.6419114789591145e-05,1.5293388843413632e-05,1.6436890214381546e-05,2.9660033373398043e-05,1.95321446454165e-05,3.360783148308882e-05,1.5459979981141658e-05,0.00020894336192092035
