Years,English,Polish,Russian,Ukrainian,Lithuanian,German,Japanese,Spanish; Castilian,French,Italian,Chinese,Persian,Portuguese,Arabic,Turkish,Indonesian,Dutch; Flemish
2020,1.3629606706655258e-06,6.060571230093741e-06,2.6285125812651066e-06,2.116760091354641e-06,1.1324525559990374e-05,2.5306408063869966e-06,6.860104847040973e-07,5.832524390051407e-06,3.829179010917376e-06,3.5971484960291273e-06,1.2358471481393816e-06,9.830765499197066e-07,3.1187299736116917e-06,1.3593105386659324e-06,2.374542800043295e-06,1.063732038388445e-06,3.4974907005839247e-06
2021,1.7341539628719568e-06,1.6308340292945813e-05,2.8786530019538757e-06,2.5589244946297524e-06,9.90235741496679e-06,3.181982254560317e-06,7.514593819732268e-07,8.36386318905659e-06,5.377393658549253e-06,4.55552747876158e-06,1.0401709357437404e-06,1.405883760172753e-06,3.2215538762427823e-06,1.803289668281686e-06,3.429542307081579e-06,1.4832563807061055e-06,5.432257605518922e-06
2022,1.8462626222489747e-06,8.297566301897462e-06,4.372198631337638e-06,3.2963263870227058e-06,2.0219592676053428e-05,3.6400293751646783e-06,8.820382322139853e-07,9.612685205935328e-06,4.407875051531222e-06,5.08620238542302e-06,1.5959406497639678e-06,1.6679796646282065e-06,4.261541387666625e-06,2.9883953270355586e-06,3.858894159971256e-06,2.004172354703987e-06,5.390027903470583e-06
2023,1.9934988620830367e-06,1.1252898332056434e-05,4.794339510866815e-06,4.186798744774504e-06,2.716278823090189e-05,4.841593344806206e-06,9.432132175067598e-07,9.287406732188803e-06,5.212469117441652e-06,5.397452181162717e-06,1.6778987412905997e-06,1.7216704683011107e-06,9.2029220760014e-06,2.3309996531856477e-06,4.033367651029947e-06,2.4336870532146365e-06,6.4180160170781305e-06
2024,1.7967995666241902e-06,1.008706661024154e-05,3.861606446537864e-06,4.36408732651977e-06,2.5507505042870224e-05,3.3730588844871535e-06,8.347837975833774e-07,7.762830993896487e-06,4.748929313563804e-06,5.249069547746742e-06,1.6206653983543133e-06,1.5723045487736748e-06,6.760370678901741e-06,1.967618952432536e-06,3.616166824257417e-06,1.5482272151913106e-06,5.672412822991518e-06
