Years,English,Polish,Russian,Ukrainian,Lithuanian,German,Japanese,Spanish; Castilian,French,Italian,Chinese,Persian,Portuguese,Arabic,Turkish,Indonesian,Dutch; Flemish
2020,5.689201098574963e-06,1.1965926273379775e-05,1.3600191373714171e-05,1.1198947312050852e-05,1.8329151510797046e-05,7.2975938446001156e-06,2.7306281212396345e-06,7.87210521078204e-06,6.471564632408656e-06,7.908905800904116e-06,4.396575271059348e-06,1.4768819788464993e-05,6.9859076354831274e-06,2.3313704310037506e-05,0.00018365657963548043,7.150248420255153e-06,1.1066521589363459e-05
2021,6.286150743007035e-06,1.3503909354499137e-05,1.5344068350526933e-05,1.4097653761861543e-05,2.5123984082725505e-05,7.458694751129743e-06,2.4447347679006396e-06,8.913755287765806e-06,6.958002115616286e-06,8.729632618295589e-06,3.7897616225607265e-06,1.9081592770024146e-05,6.744195601396708e-06,2.5952885477208292e-05,0.00021152829860010745,8.59651502364369e-06,1.4478709550791296e-05
2022,7.648417903307142e-06,1.7492295722714984e-05,1.923129695773135e-05,1.4206383461276786e-05,3.575825720557246e-05,8.73260650672194e-06,3.012020662686919e-06,9.806076505936393e-06,6.537052450013693e-06,9.910133471228397e-06,6.3367667505952735e-06,2.0649171150951347e-05,1.0526517913669429e-05,2.525930696459662e-05,0.00024159288913814787,1.1662922146593897e-05,1.3743519076876006e-05
2023,8.245774106510182e-06,2.0660219657091322e-05,2.124022310387016e-05,1.4766588335259173e-05,4.271587256509729e-05,1.0459233028769103e-05,3.5560834207473204e-06,1.0803111817510937e-05,7.009836684900804e-06,1.1268118180437934e-05,7.6239101199845936e-06,2.211436118291188e-05,1.2734483478183824e-05,2.8699593098005225e-05,0.00024731527652853614,1.531607779203378e-05,1.6526374114649782e-05
2024,6.796074725044362e-06,1.8577928691353496e-05,1.479683889724219e-05,1.2752746492052535e-05,3.999171090606964e-05,8.34879120130681e-06,3.0646292608450984e-06,9.735821871947923e-06,5.871111914601513e-06,1.1043358132021149e-05,7.392486599196543e-06,1.605022432078228e-05,1.0238791493212289e-05,1.8792742678236413e-05,0.00016461812447100886,9.751746059084703e-06,1.4005948800959861e-05
