Years,English,Polish,Russian,Ukrainian,Lithuanian,German,Japanese,Spanish; Castilian,French,Italian,Chinese,Persian,Portuguese,Arabic,Turkish,Indonesian,Dutch; Flemish
2020,1.078000154858055e-05,3.346740376710424e-05,1.826097246828968e-05,3.228234561422845e-05,8.535604456667022e-05,1.7408635626398354e-05,5.796528382348543e-06,2.226331832849768e-05,1.9303207924559902e-05,2.344055052677181e-05,1.1696819188788772e-05,1.3442293531213182e-05,2.507050352283068e-05,2.7173907633500773e-05,3.022997588040014e-05,1.979170898524455e-05,2.564715693397141e-05
2021,1.2308579059890478e-05,3.2843514331086514e-05,1.9553038553243504e-05,3.685300206388708e-05,9.271551264771384e-05,1.9392299907784787e-05,5.3405565884447734e-06,2.259257238529952e-05,2.1089311352915947e-05,2.4375795456557715e-05,1.1316785600744088e-05,1.4236254750888086e-05,2.5975930804868855e-05,2.4460853634265443e-05,2.6744862761828766e-05,2.4003265429632026e-05,2.8179980619364785e-05
2022,1.3301832839880138e-05,3.566526121459017e-05,1.7245075076926275e-05,3.2649957153796616e-05,0.00010941774590283276,2.0875018481609024e-05,4.521861598135538e-06,2.3030183492147378e-05,1.9553054205355906e-05,2.6260659960577607e-05,1.273357309534633e-05,1.676894093823817e-05,2.5142220645163714e-05,2.8621691349821408e-05,2.9640211680120875e-05,2.2375604126628465e-05,3.4110371774463e-05
2023,1.4494552118726576e-05,4.593494257014253e-05,1.9009025143435277e-05,3.9838560070653904e-05,0.00010078072074609346,2.3579782711295702e-05,4.8460555908263816e-06,2.5641076949773702e-05,2.143314110292128e-05,2.8733754134891986e-05,1.3456384247661319e-05,1.993203855300534e-05,2.961695016737585e-05,2.751013874296402e-05,2.657529099142376e-05,1.9549903061482658e-05,3.8630742079521944e-05
2024,1.3716977274578742e-05,4.602706355978109e-05,1.826668953779593e-05,4.1725383308461765e-05,9.401388412557017e-05,2.345734874533424e-05,5.3888161012750086e-06,2.2966338044795454e-05,2.0287735298005437e-05,2.9613964258536244e-05,1.3938156969133436e-05,1.6683727327713705e-05,2.419707896606644e-05,2.257072448748797e-05,2.7966634818380764e-05,1.611939677460679e-05,3.92279018274559e-05
