Years,English,Polish,Russian,Ukrainian,Lithuanian,German,Japanese,Spanish; Castilian,French,Italian,Chinese,Persian,Portuguese,Arabic,Turkish,Indonesian,Dutch; Flemish
2020,6.985182714772449e-06,1.789208028569804e-05,3.2752160454767326e-05,1.6434712466191586e-05,1.8899560790178695e-05,1.0878990320964146e-05,2.7647857113531197e-06,5.955759223383968e-06,8.765374514237493e-06,9.633549931508259e-06,5.1240249812736665e-06,3.804622017753534e-05,5.64839289965621e-06,1.3198659267649845e-05,5.046453678856173e-05,4.5320262895080215e-06,1.0566167644080301e-05
2021,9.260803919778454e-06,3.335916357445515e-05,3.0465071373763613e-05,1.598766641491264e-05,1.8678790808989832e-05,2.1587889294853938e-05,3.250409165574909e-06,1.0632266369244184e-05,1.4256981327774026e-05,2.0650965520954533e-05,5.9324171640044e-06,3.469051811809047e-05,8.702558225915998e-06,1.2338512768413868e-05,3.5542989466234505e-05,5.960637455448545e-06,4.107264640687877e-05
2022,9.562410503848471e-06,2.727852900762213e-05,3.1997156743260006e-05,1.5351085410162713e-05,3.295138108179779e-05,1.1713261647585264e-05,3.457536574917359e-06,8.119269115850372e-06,7.901018163086438e-06,1.3420074812965458e-05,5.3548412474532365e-06,4.3113941642660044e-05,8.252284733827472e-06,1.9976955763401426e-05,3.702459357296994e-05,5.861029501327141e-06,1.8763623141108273e-05
2023,1.2000194959810615e-05,2.8725507063712728e-05,3.759138471847267e-05,1.65005661024959e-05,2.9416148480895555e-05,1.3041128835441147e-05,3.2304331036854033e-06,9.61933253921598e-06,8.007164182629909e-06,1.3460734176331686e-05,5.637536799114485e-06,4.020039394966066e-05,8.58159969629342e-06,1.802242213003465e-05,3.3732488353385625e-05,7.741911335048214e-06,2.1144440513187904e-05
2024,1.072404854019143e-05,2.60316649246584e-05,3.252839661996402e-05,1.4271324360241871e-05,2.5721031419231888e-05,1.562141304237383e-05,3.313031022864642e-06,1.0111773353536438e-05,8.998046922569856e-06,1.2814912309532278e-05,6.5578013700139504e-06,2.9683359456996202e-05,9.740357083834185e-06,1.4926544034860204e-05,3.4140175572150516e-05,7.3362814906557136e-06,2.4944382010063584e-05
