Years,English,Polish,Russian,Ukrainian,Lithuanian,German,Japanese,Spanish; Castilian,French,Italian,Chinese,Persian,Portuguese,Arabic,Turkish,Indonesian,Dutch; Flemish
2020,8.215330398851516e-06,1.2373834412310429e-05,6.628355415849093e-06,5.3936450504572395e-06,1.2716324201681602e-05,8.155409645014059e-06,3.1103930877159596e-06,6.561516057013269e-06,6.419911332510107e-06,9.85475237028099e-06,5.665321128003366e-06,6.51300273651417e-06,7.161440114576733e-06,4.853029424523983e-06,7.3176349866078475e-06,1.8782787567154746e-06,1.0182729183243153e-05
2021,9.509092609442914e-06,1.4170132071072965e-05,7.808093931456799e-06,6.552193508617761e-06,1.439161857539634e-05,8.642294087377366e-06,2.9959459303207116e-06,7.3781630394402625e-06,6.545062924714395e-06,1.2399841767119512e-05,5.029024733814501e-06,7.071460779337831e-06,7.725242567629587e-06,4.998696674713683e-06,8.702598040253496e-06,2.7796012174950693e-06,1.117791468827932e-05
2022,1.2286749277749193e-05,2.6230554419632072e-05,9.609326433023091e-06,9.569066580134622e-06,1.8328733011833965e-05,1.2929407028730634e-05,5.966582263796454e-06,1.568952456673608e-05,8.863533770313183e-06,1.818221239310456e-05,7.706935507958738e-06,9.904421538847704e-06,1.5109925956128283e-05,6.024467420109869e-06,9.200369371219248e-06,3.153695625247624e-06,1.682983778699825e-05
2023,1.0549477465686888e-05,2.2798875937660547e-05,9.232105865505272e-06,1.1304524958247205e-05,1.733291235774112e-05,9.925758889237747e-06,4.500739963759064e-06,1.2776077281335868e-05,8.057833004928329e-06,1.3385090331800692e-05,6.6593720582699115e-06,7.957120635165137e-06,1.1375625180704176e-05,5.9265916067613805e-06,1.0193863020301057e-05,3.261320873077432e-06,1.5813108963184174e-05
2024,9.634686768569791e-06,1.9585976244362222e-05,7.4857965879775065e-06,1.0462719392938058e-05,1.852341314937419e-05,8.165155845447291e-06,3.420745061262497e-06,1.0391369708650842e-05,6.275413623891763e-06,1.0444323856593942e-05,5.301065973971353e-06,6.847165797529715e-06,8.869512874267326e-06,6.927365404329839e-06,9.960081267660427e-06,2.521172604022636e-06,1.5730447705615877e-05
