Years,English,Polish,Russian,Ukrainian,Lithuanian,German,Japanese,Spanish; Castilian,French,Italian,Chinese,Persian,Portuguese,Arabic,Turkish,Indonesian,Dutch; Flemish
2020,8.104645841372987e-06,1.7255693919786442e-05,1.8582473573267518e-05,1.1795382475913208e-05,2.560757391570691e-05,1.4990373209816592e-05,4.242577930833759e-06,6.740162236268745e-06,7.412752743358355e-06,1.17656180888752e-05,7.967822064715428e-06,7.231738781352425e-06,7.102058355749397e-06,1.1608944474212782e-05,2.5928409675172377e-05,5.385650950085008e-06,1.4768475862272394e-05
2021,8.957018975999838e-06,1.9853956172773213e-05,1.8932190214708504e-05,1.2745239719743626e-05,2.8227492601993524e-05,1.5553713848429774e-05,4.906609937701191e-06,7.877564648387138e-06,8.767168694674624e-06,1.4336494846529536e-05,6.923360300482748e-06,8.018666554358527e-06,9.15203732162129e-06,1.2133855176812796e-05,3.061282469975475e-05,6.924223104203204e-06,1.467840792855474e-05
2022,1.1559007117130674e-05,3.0154221180618654e-05,3.685432042742084e-05,2.1039678442219074e-05,7.977747018860149e-05,2.1980559152484486e-05,6.426171482413239e-06,1.3090167436235822e-05,1.1384402638372137e-05,2.1428653587099934e-05,1.0447464842475301e-05,2.4374421149667444e-05,1.3603065886459029e-05,1.7397720879337784e-05,4.169481896237011e-05,9.531565046664153e-06,2.657071304738187e-05
2023,1.1011396267623226e-05,3.065594248284566e-05,3.1268067661825835e-05,1.76646880695291e-05,5.679937412755769e-05,2.041464647202196e-05,4.897564269785483e-06,1.2325811875094325e-05,1.0593452191396152e-05,1.839412016709263e-05,9.372426071405116e-06,1.87641018777845e-05,1.1309117433017125e-05,1.281550038514694e-05,3.945987041784815e-05,7.732900246557244e-06,2.5905022907407914e-05
2024,9.81223181434334e-06,3.0005698547096644e-05,2.6785039124658014e-05,1.7415490708728695e-05,5.748307990302913e-05,1.7480617622165493e-05,4.860321201993016e-06,1.1840442593400818e-05,8.736531459337414e-06,1.5562207434767393e-05,9.644145061260473e-06,9.028016138174914e-06,1.0956352961826931e-05,1.0912464998047977e-05,4.079477144959064e-05,6.0620322452683465e-06,2.2392152099994876e-05
