Years,English,Polish,Russian,Ukrainian,Lithuanian,German,Japanese,Spanish; Castilian,French,Italian,Chinese,Persian,Portuguese,Arabic,Turkish,Indonesian,Dutch; Flemish
2020,4.261784883804448e-06,1.5706325943071905e-05,1.0880339716832982e-05,9.972162043635924e-06,2.3219460399362398e-05,2.5405669733098567e-05,3.30991446172649e-06,8.060282141536258e-06,1.2995903026752706e-05,1.2072508914228996e-05,5.6606213124598464e-06,8.279935711173583e-06,7.748606945861433e-06,1.0955759596609185e-05,1.3013114061068027e-05,2.3071211099779916e-06,1.5359148404544648e-05
2021,4.568026283551483e-06,1.577192229465232e-05,1.06004479040744e-05,1.0299671090884753e-05,2.7693400438212517e-05,2.219447043504176e-05,3.179959848514919e-06,7.1375907058667634e-06,1.2880168591892525e-05,1.2508621756564406e-05,4.734436859096602e-06,9.546892471890811e-06,8.257958532909933e-06,1.03134797567822e-05,1.3583416874257255e-05,2.9459808115122218e-06,1.5255570870067588e-05
2022,5.609970745893398e-06,1.9379090306554222e-05,1.225478193466e-05,1.6533535156208934e-05,3.836344163183038e-05,2.4721368181700252e-05,4.364223911808019e-06,8.625449822809683e-06,1.2503953771775021e-05,1.4328544676098863e-05,6.5197628299071515e-06,1.5300922552355536e-05,1.0159966222251557e-05,1.4260042563557936e-05,1.744425528524457e-05,1.0016811303926759e-05,1.5905367568571484e-05
2023,5.4719553074031894e-06,2.0554427011155104e-05,1.231200534502328e-05,1.8704232993090925e-05,3.928684609771563e-05,2.8003647027051677e-05,3.5940609230972003e-06,9.991215927516347e-06,1.2305301791808647e-05,1.554129173276906e-05,8.160516345462863e-06,1.1216336592718582e-05,1.2333686788175015e-05,1.7032186731010197e-05,1.8092225525116613e-05,5.3179285309776966e-06,1.594534736302362e-05
2024,4.905771742929093e-06,2.29295924355727e-05,1.1793692760898253e-05,1.9787235002543943e-05,3.4600169902937674e-05,2.612636870074062e-05,3.4317362896704418e-06,9.280892484318532e-06,1.1461438805521876e-05,1.4126047220902894e-05,7.566122854030839e-06,9.2519473143973e-06,1.1756750830863787e-05,1.199663710439157e-05,1.8849579073819147e-05,3.891062453042352e-06,1.5856422243842916e-05
