Years,English,Polish,Russian,Ukrainian,Lithuanian,German,Japanese,Spanish; Castilian,French,Italian,Chinese,Persian,Portuguese,Arabic,Turkish,Indonesian,Dutch; Flemish
2020,4.933621804535552e-06,2.3177191446500476e-05,1.1841318027713204e-05,1.780300490093464e-05,1.7028618353806883e-05,1.829463465075399e-05,1.8247189877362752e-06,4.944021928626115e-06,6.141924701168893e-06,1.07145758033843e-05,4.2559894843662435e-06,3.627446347103137e-06,5.794947080442075e-06,3.0362657780842986e-06,6.193538000250242e-06,1.2971846804011761e-06,1.4673170348885126e-05
2021,5.283171449997201e-06,2.2025264597807545e-05,1.0947057104940795e-05,1.8909105212948276e-05,1.9797497368260862e-05,1.8195721718017544e-05,1.7647818202851947e-06,5.823964434160778e-06,7.755979200737507e-06,1.018669980364658e-05,3.991034776519227e-06,3.6025771354426795e-06,6.809924025992182e-06,3.234407091945813e-06,6.63449735738139e-06,1.9080553441541547e-06,1.5013739597573704e-05
2022,7.169388537655791e-06,3.0571429551257556e-05,1.4895839491362936e-05,3.209789562032731e-05,3.4077493059599604e-05,2.473352254546618e-05,2.2113411307064177e-06,8.278631460761736e-06,7.607698233836008e-06,1.4515505140685737e-05,5.500240647996636e-06,3.908854526644037e-06,9.402336465929558e-06,5.222169053900375e-06,1.1519635752844548e-05,3.2549573650770495e-06,2.4520859846464963e-05
2023,7.717965263953151e-06,4.226771339475639e-05,1.5860977691187054e-05,3.515429488877411e-05,9.605356283034588e-05,2.8987377855227693e-05,2.3672342438611697e-06,9.368663396264741e-06,8.092108972953731e-06,1.7594230490156744e-05,6.752400718321306e-06,3.711714983555236e-06,1.0987779999455477e-05,5.675327560158935e-06,1.2296628115146736e-05,3.253002945239615e-06,2.6975263221134408e-05
2024,7.54297668652901e-06,4.0592136406674815e-05,1.5076691476619513e-05,3.4370835785392336e-05,7.047260113169691e-05,2.5006048272397223e-05,2.6248885309572562e-06,1.0311767471336916e-05,7.74456799971705e-06,1.5666032794664488e-05,7.096272925673176e-06,4.063923498863377e-06,1.0634211404629435e-05,5.169847414329455e-06,1.4663927875216658e-05,2.9310609053041256e-06,2.606391844300783e-05
