Years,English,Polish,Russian,Ukrainian,Lithuanian,German,Japanese,Spanish; Castilian,French,Italian,Chinese,Persian,Portuguese,Arabic,Turkish,Indonesian,Dutch; Flemish
2020,7.83426973104609e-06,3.445799347131103e-06,1.8879507003051943e-06,1.4232580282754684e-06,4.000470412729977e-06,3.6235826857861856e-06,5.883095150425853e-06,2.4763699901923268e-06,1.3481735365928646e-05,3.27379609383643e-06,1.2842756822182563e-06,1.4061178326869208e-05,1.5103394067179972e-05,2.365148142140101e-05,2.181106821172621e-05,3.653533847499244e-06,3.788006285868486e-05
2021,7.974228314221321e-06,3.7198787141187513e-06,1.9353188169517393e-06,1.5757587677456895e-06,3.890211841594096e-06,3.7565669155851872e-06,5.596756516402486e-06,2.6697938384193403e-06,1.3075942690281822e-05,3.7352925088454096e-06,1.0727298282958507e-06,1.55269434900419e-05,1.659944095908311e-05,1.357425833512307e-05,2.154645856753079e-05,4.060370092290938e-06,3.664061217900162e-05
2022,1.11447513999434e-05,5.316196019187654e-06,2.7550376295750425e-06,3.635112866536348e-06,4.7649663538330395e-06,4.445357261021831e-06,7.020747858735733e-06,4.563045466214405e-06,1.1141221909265088e-05,4.089255457358362e-06,1.6636530355051555e-06,2.4554345408661416e-05,2.793822722259683e-05,2.0068792157000662e-05,2.5442206420349253e-05,6.311441720088425e-06,3.7760060735168364e-05
2023,1.1341261767051715e-05,5.617477351531859e-06,2.5602711874500918e-06,3.527718845868506e-06,5.959974574258605e-06,4.96934393217234e-06,6.454732073974627e-06,5.427523545506152e-06,1.2266669680689716e-05,3.6161276004165574e-06,1.9758018822279053e-06,2.0325767059864258e-05,2.8357853491426778e-05,1.973784210251801e-05,2.948527100810644e-05,5.941079958160823e-06,4.180377850261246e-05
2024,9.736963640784327e-06,5.080559667163976e-06,2.2869276809162636e-06,3.388345108842702e-06,4.4751569712465025e-06,4.349965890208282e-06,6.243567297132819e-06,4.0235028891732965e-06,1.198722252633658e-05,3.225109216070429e-06,1.7979228472414624e-06,1.4596210133799364e-05,2.1280812869151082e-05,1.3586670960039348e-05,2.339837972852574e-05,5.6478293302891565e-06,3.8769553790064866e-05
