Years,English,Polish,Russian,Ukrainian,Lithuanian,German,Japanese,Spanish; Castilian,French,Italian,Chinese,Persian,Portuguese,Arabic,Turkish,Indonesian,Dutch; Flemish
2020,6.626165652197205e-06,1.453351243555287e-05,1.049621795161438e-05,1.1232862252741064e-05,1.577371793916725e-05,9.905516950600807e-06,2.268401161463586e-06,5.599501209996911e-06,6.656777007099114e-06,1.1524867527606272e-05,4.007307940172192e-06,7.251516081915088e-06,7.0362633669687086e-06,1.0733184612631247e-05,1.0365494763251129e-05,5.0664298374197735e-06,1.0549544589419731e-05
2021,7.806030937208947e-06,1.7661554481018323e-05,1.1477165294501165e-05,1.450393914214925e-05,1.953045128637036e-05,1.3827976984956333e-05,2.595071949322333e-06,7.435903893649443e-06,8.64382171225714e-06,1.4668989269712588e-05,4.894427206709126e-06,7.024794183231618e-06,9.2252283621097e-06,1.059465180186752e-05,1.0832064818640619e-05,4.814388252411225e-06,1.4196476872391513e-05
2022,1.0975824865849527e-05,2.0439907720377493e-05,1.5485072488662383e-05,2.5420310302671237e-05,4.612857198622496e-05,1.2868230064442152e-05,3.1446761483286183e-06,8.187327026029774e-06,8.574588402149088e-06,1.8153948886251522e-05,5.5606638817316905e-06,1.2506371675162802e-05,1.0195915838183465e-05,1.5127994181361777e-05,1.531577851303966e-05,4.436074298447467e-06,1.60662335316898e-05
2023,1.0061952366657452e-05,2.4304645470632553e-05,1.4708758434862547e-05,2.818639782217914e-05,3.7507018074169906e-05,1.4306013566736207e-05,3.022233399591524e-06,9.568738767244171e-06,9.048740923361707e-06,2.3602110905092834e-05,6.0386171811997e-06,2.0266317112754413e-05,1.2362740172690936e-05,1.7240022423878886e-05,1.743876582648666e-05,5.073242820415245e-06,1.7798055306888174e-05
2024,8.570290561846157e-06,2.4359469118455848e-05,1.3338221924081027e-05,2.612907300557167e-05,3.02406730522204e-05,1.3250490345381298e-05,2.9751423428904177e-06,8.903796395396091e-06,9.286731269167869e-06,2.031697404743688e-05,5.759147021657245e-06,8.618102427807522e-06,1.0221445409363193e-05,1.085876779466775e-05,1.5968554086837407e-05,4.002523306899599e-06,1.7067058907821408e-05
