Years,English,Polish,Russian,Ukrainian,Lithuanian,German,Japanese,Spanish; Castilian,French,Italian,Chinese,Persian,Portuguese,Arabic,Turkish,Indonesian,Dutch; Flemish
2020,1.2584523517856414e-05,3.224895670066374e-05,2.1605993961680497e-05,2.9059256767944815e-05,3.060435920309017e-05,1.8837560530838277e-05,5.664662492618586e-06,1.577937815577649e-05,1.5621705810098682e-05,2.0088561942950602e-05,1.1115472440036036e-05,1.7367846506309634e-05,1.739386726866798e-05,1.8779438053522127e-05,2.5547732885738728e-05,8.046503563286639e-06,2.3478402402589045e-05
2021,1.3574437712574937e-05,3.257027539910641e-05,2.4236300146429266e-05,3.478678276800402e-05,4.80755122019634e-05,2.1202128926354105e-05,5.986757290909291e-06,1.896739016187896e-05,2.0100442896324877e-05,2.361187374850411e-05,1.0935581724787081e-05,2.4891373775355267e-05,2.5349358093550432e-05,2.625671471483021e-05,2.7192139354912456e-05,1.1245136560742278e-05,3.1788980492644623e-05
2022,1.6859175283714778e-05,4.3995484987892086e-05,2.517695201305024e-05,4.112339392135369e-05,9.549261495344766e-05,2.5685411801067424e-05,7.236011154645207e-06,2.4564553033997267e-05,2.0771537720249758e-05,3.8032673889466464e-05,1.3569331918786428e-05,2.436419818040642e-05,2.8814121136003242e-05,3.7451662896096865e-05,3.8597181682511446e-05,1.2748447997565337e-05,3.914676606280851e-05
2023,1.801661467817454e-05,6.229691543227057e-05,2.662122777128407e-05,4.505480289762769e-05,7.142172270632093e-05,3.025164692104147e-05,1.5940177084882555e-05,3.204770496877976e-05,2.02646630357543e-05,4.317873786971417e-05,1.7089364851441104e-05,1.72683412085008e-05,3.258739620354594e-05,4.707599077791739e-05,3.348940351106181e-05,1.814555957819788e-05,4.5460547103353996e-05
2024,1.4083353768112551e-05,5.420698174184958e-05,2.3549958429113825e-05,4.542989613489674e-05,5.942261115498089e-05,2.590261480992981e-05,6.236880966517986e-06,2.7491699222289096e-05,1.7128843938237066e-05,3.496251046000638e-05,1.8050565995255826e-05,1.6469026902266897e-05,2.53670546216024e-05,2.659673623616247e-05,3.9446520140970376e-05,1.296397595702227e-05,4.0943860085452455e-05
