Years,English,Polish,Russian,Ukrainian,Lithuanian,German,Japanese,Spanish; Castilian,French,Italian,Chinese,Persian,Portuguese,Arabic,Turkish,Indonesian,Dutch; Flemish
2020,6.393546770453606e-06,7.1318733514405375e-06,5.359664986434779e-06,5.721099650224808e-06,9.058099356580614e-06,6.032096188425851e-06,1.806320800786737e-06,4.283149276252156e-06,5.219224213827134e-06,9.509647170122601e-06,4.051445338320027e-06,4.4243268478231346e-06,4.847214209557791e-06,4.560363825826025e-06,5.820197594338869e-06,1.4890218514464205e-06,6.158841751741179e-06
2021,6.599276863040232e-06,7.276527994999979e-06,5.540397683388856e-06,5.836143584243295e-06,9.873487568275925e-06,6.014076249654195e-06,1.8861237843960242e-06,3.9006087186120085e-06,4.496061449588883e-06,6.989614371290903e-06,4.374886983449372e-06,5.14131354759348e-06,4.886865315120243e-06,4.682981696744696e-06,7.400624591079193e-06,2.5948136683951677e-06,6.723371105683162e-06
2022,8.049497166064479e-06,1.0310954454664073e-05,6.051388981439797e-06,9.088725861269877e-06,1.3790669817707262e-05,6.93122851024735e-06,2.543104755814095e-06,5.653851535325275e-06,4.944712214587649e-06,7.629918002196553e-06,5.114107411461196e-06,1.1201920797456505e-05,8.350054250053503e-06,8.352422299559434e-06,7.865475957799494e-06,3.810681793260936e-06,1.1217855579984677e-05
2023,7.17877948786052e-06,8.876115141729717e-06,5.436930449382732e-06,8.062154880870568e-06,1.1217815157577155e-05,5.91510872233593e-06,2.2380566111651406e-06,4.661526172129925e-06,4.759544871059158e-06,6.854739641848199e-06,4.475947121109122e-06,4.925513046546528e-06,6.46910360528629e-06,4.863630948706591e-06,8.2334839244112e-06,2.719962402966173e-06,1.0096710155616881e-05
2024,6.754906126122841e-06,1.347488180954548e-05,4.815524745644689e-06,8.06179038672968e-06,1.0747494276870329e-05,5.813672026214662e-06,2.3948970765210194e-06,4.846371507053723e-06,4.301061641519957e-06,6.228796809463288e-06,4.2717415644479175e-06,4.328538354429984e-06,5.46614042273246e-06,4.412120211075166e-06,5.640607136370226e-06,2.1378910872102957e-06,1.039681386678295e-05
