Years,English,Polish,Russian,Ukrainian,Lithuanian,German,Japanese,Spanish; Castilian,French,Italian,Chinese,Persian,Portuguese,Arabic,Turkish,Indonesian,Dutch; Flemish
2020,3.5401669498190396e-06,1.1711992591762366e-05,1.9665479230345388e-05,1.5830090937335037e-05,1.39940409874965e-05,7.591302033728311e-06,8.370075568795905e-07,2.3970948246252773e-06,3.938087920898698e-06,6.127381043186986e-06,1.840897314415954e-06,1.6111264360803827e-06,3.2227668150771845e-06,1.989753248727395e-06,5.149326078912974e-06,9.114803153366637e-07,5.782606614590279e-06
2021,3.860682291980227e-06,1.2346051267438533e-05,2.056500822356572e-05,1.8268251753986177e-05,1.458649004055968e-05,9.145314792189883e-06,9.216552669177257e-07,3.6919205178469063e-06,4.700903469400012e-06,7.71214737048924e-06,1.675458800947121e-06,1.8607779672621426e-06,4.233025353423784e-06,2.67206300177517e-06,5.676680155219149e-06,1.6007840939267324e-06,7.85807344869742e-06
2022,5.366212113021271e-06,2.1701440155079808e-05,2.7880038918092738e-05,3.2300790030063896e-05,3.3203495703693717e-05,1.4028060226805409e-05,2.6028954894554887e-06,4.8872108319962424e-06,6.226795117582837e-06,1.0011074567132108e-05,3.159463755079605e-06,2.7622462943279076e-06,6.6711735882614715e-06,4.038065766216611e-06,6.956531439829917e-06,2.3444118005308563e-06,1.2671079322753916e-05
2023,4.4370040788845385e-06,2.306690889573923e-05,2.6115395739999855e-05,3.7007799278800934e-05,2.4517539241778894e-05,1.1355641969516538e-05,1.3109905977453845e-06,3.7051314030946356e-06,5.117551052140537e-06,7.882440431964638e-06,2.2373392742360292e-06,2.0895807124151798e-06,5.0979938806011325e-06,3.088927826681913e-06,5.921741659995377e-06,1.583178931797844e-06,9.545145845405725e-06
2024,4.269199004350372e-06,1.7527620683237866e-05,2.2169598104289176e-05,4.016205554793629e-05,2.535625719294738e-05,1.0088053769388423e-05,1.2572133427287074e-06,4.017467686867143e-06,4.847551163313705e-06,6.925314581617607e-06,2.2503910441454315e-06,1.9497396915973618e-06,4.644502451023242e-06,3.12551817135374e-06,8.04706181139774e-06,1.3605415193413654e-06,8.74135185595757e-06
