Years,English,Polish,Russian,Ukrainian,Lithuanian,German,Japanese,Spanish; Castilian,French,Italian,Chinese,Persian,Portuguese,Arabic,Turkish,Indonesian,Dutch; Flemish
2020,7.850874005115578e-07,3.5103692808431093e-06,2.1709877904662696e-06,1.792813933727439e-06,5.057628943850637e-06,1.6722046205403745e-06,5.31495034147816e-07,1.6502976451735189e-06,1.261752299691019e-06,7.979014480834078e-06,7.86912593830152e-07,7.404428381387388e-07,3.1144544869761236e-06,1.4014394719816896e-06,2.435679329395594e-06,1.7686575161181922e-06,2.8458669578895816e-06
2021,1.1024498931022295e-06,7.191830416322059e-06,3.0467090064508323e-06,1.8967466648790708e-06,9.54870179300369e-06,2.4618361460758128e-06,5.156467161872153e-07,2.041370683834099e-06,1.6159500995316097e-06,1.0656900154061852e-05,8.859446026021644e-07,1.2621001937914487e-06,2.737918961642899e-06,4.699324589721914e-06,2.020020030716008e-06,1.491044361702653e-06,3.3256128689970277e-06
2022,8.98839749430034e-07,4.681393485146059e-06,2.1935666596712926e-06,1.7920766701849753e-06,1.0042565772187798e-05,2.2571666376967237e-06,6.111479027774205e-07,2.4074496512153135e-06,1.3250433362276593e-06,8.899844763531248e-06,8.225232579552758e-07,1.730135317735215e-06,3.4484753077113086e-06,5.476575403828471e-06,3.399351080802537e-06,1.5950749257931085e-06,3.5879218609426398e-06
2023,8.888543529145014e-07,8.096688757358657e-06,3.085084651356175e-06,2.3408699857695813e-06,2.00026543930597e-05,3.195509069683682e-06,5.582061390523938e-07,2.3836565749445823e-06,1.4891131259196626e-06,8.484424701697342e-06,9.156980151877e-07,1.1523098319805382e-06,6.341338721571692e-06,3.963354282416348e-06,9.441328653196141e-06,3.077633299992306e-06,4.182296334818502e-06
2024,9.793493983358625e-07,6.689170935407515e-06,2.926590719492999e-06,2.974895016606656e-06,1.6574984965074025e-05,3.03205133740118e-06,6.363005312499148e-07,2.632804978453533e-06,1.5509003993437113e-06,9.059442136360991e-06,9.221370655589898e-07,9.165793640491895e-07,4.433517431144442e-06,2.0366582139213968e-06,4.539957729639121e-06,1.338968450852866e-06,4.295945269708508e-06
