Years,English,Polish,Russian,Ukrainian,Lithuanian,German,Japanese,Spanish; Castilian,French,Italian,Chinese,Persian,Portuguese,Arabic,Turkish,Indonesian,Dutch; Flemish
2020,1.0588607071423263e-05,2.156822045405178e-05,1.3019706147409462e-05,1.5356451248385517e-05,4.304688695066858e-05,1.9195079793042e-05,5.360249463130808e-06,1.3595653953851716e-05,1.3861684042622745e-05,1.9053099364110803e-05,8.409604725806258e-06,1.0810465436825586e-05,1.390863307957397e-05,7.034786218893987e-06,1.3658715811028305e-05,4.897937930575802e-06,2.277857180137905e-05
2021,1.1942463403318063e-05,2.5760070854528537e-05,1.425579217005475e-05,1.609541060416021e-05,4.6516540480656676e-05,2.250497147931324e-05,5.609819465868058e-06,1.5865195070304637e-05,1.6326211242994396e-05,1.9652559083178124e-05,8.789498931495817e-06,1.4831989585865596e-05,1.6485205531183553e-05,9.732564197319263e-06,1.4391930998671617e-05,6.408800361886237e-06,2.87467546279304e-05
2022,1.4565005596155101e-05,3.286258967990248e-05,1.4567917722223654e-05,1.79783320925192e-05,7.474358157141279e-05,2.7592330189576116e-05,7.4629328108747305e-06,2.1482459563852405e-05,1.8454478531520836e-05,2.570785385448928e-05,1.072694627597363e-05,1.3383093518987973e-05,2.173775841864007e-05,1.2293962154205784e-05,2.7663859513433885e-05,7.806064999970744e-06,4.324715122398038e-05
2023,1.5015836437440424e-05,4.501981749151406e-05,1.5643756028109483e-05,2.348024748401383e-05,7.935746967368992e-05,3.3302782435364384e-05,7.54579594789814e-06,2.1727054594219703e-05,1.9989079667416278e-05,2.472163980415155e-05,1.2199651621876122e-05,1.3502611701571478e-05,2.5700693950940427e-05,1.5731404135841985e-05,5.324207716848833e-05,8.542511889438103e-06,4.139473018808319e-05
2024,1.3615563544432891e-05,4.355114368535273e-05,1.506865788349318e-05,2.529730870236739e-05,7.385343542408989e-05,2.9499013992083947e-05,6.380408090811726e-06,1.8641283150738814e-05,1.716905867308654e-05,2.271474191396084e-05,1.1930204866826505e-05,1.0074851652057277e-05,2.0895305005647704e-05,1.2058431505106908e-05,2.3529844547862127e-05,9.169273209895217e-06,3.7225831906367426e-05
