Years,English,Polish,Russian,Ukrainian,Lithuanian,German,Japanese,Spanish; Castilian,French,Italian,Chinese,Persian,Portuguese,Arabic,Turkish,Indonesian,Dutch; Flemish
2020,1.1391814972819083e-05,1.9714318318820526e-05,1.1427648434400864e-05,9.96280619792828e-06,3.388991665232848e-05,1.4483075178866142e-05,4.6742389784267104e-06,1.3269835239824979e-05,1.1401821686933495e-05,1.7001869307292036e-05,8.339311832459706e-06,9.811470571818858e-06,1.6120722359409893e-05,1.0198184441763005e-05,1.499556791953191e-05,3.2688444939217432e-06,1.6394764709898156e-05
2021,1.2720265268251182e-05,2.1265257972276174e-05,1.1308503682780797e-05,1.0897875808269692e-05,3.341684754467656e-05,1.3965697041747863e-05,4.2082329457528016e-06,1.5924595646495623e-05,1.231307473681949e-05,1.7274785452511362e-05,7.645108382750346e-06,9.499805455999859e-06,1.717721964340926e-05,9.731449909161725e-06,1.6140548400769658e-05,4.230289677670158e-06,2.0064492498752632e-05
2022,1.569670251221549e-05,2.4516954515600712e-05,1.4734215015039466e-05,2.2676045449117835e-05,4.987667603174443e-05,1.8521933656526218e-05,4.6317000071508555e-06,2.128362758789223e-05,1.3431585058544065e-05,2.2250226332890142e-05,9.272952270539631e-06,1.0478952411317093e-05,2.1143077856028123e-05,1.2205642899084818e-05,1.8015356408459765e-05,5.362821741366368e-06,2.8908360207632807e-05
2023,1.6549176042543156e-05,2.8689245980123283e-05,1.5425608441489383e-05,2.6128351394560793e-05,5.151704049804356e-05,2.0145805878528566e-05,4.803748111961551e-06,2.178263108615843e-05,1.4951429450438638e-05,2.4153607306499036e-05,9.819809354743184e-06,9.783423010379575e-06,2.2395958972448578e-05,1.3467959699575512e-05,1.6040351243585943e-05,5.429527396135075e-06,2.8529920885568085e-05
2024,1.3544534600274501e-05,2.5931635590552147e-05,1.2208226166217042e-05,2.2674575881971203e-05,4.140632314946565e-05,1.8005777516540766e-05,4.605324702928705e-06,1.689752590510905e-05,1.2061907033914174e-05,1.931967076493496e-05,9.295061954565454e-06,9.18117822511786e-06,1.5395180418639464e-05,1.208442777023543e-05,1.4062019442290865e-05,4.547602837375685e-06,2.5431198869652816e-05
