Years,English,Polish,Russian,Ukrainian,Lithuanian,German,Japanese,Spanish; Castilian,French,Italian,Chinese,Persian,Portuguese,Arabic,Turkish,Indonesian,Dutch; Flemish
2020,1.2057279499734246e-05,2.3771669441973996e-05,1.1484877911971895e-05,1.5528364913263494e-05,2.371381510815983e-05,1.5731733801867698e-05,5.647217199813845e-06,1.4334471899490576e-05,1.294559428129837e-05,1.8395518160742563e-05,1.0794454604433032e-05,6.959680305319689e-06,1.206471070446753e-05,9.052128326606922e-06,2.885970246918394e-05,4.2589881995018275e-06,2.375434510995451e-05
2021,1.3352733718267975e-05,2.1955170049936164e-05,1.160636150216249e-05,1.7487106381941305e-05,2.2965963042583327e-05,1.5169305443838233e-05,6.619441993637754e-06,1.5873406326425155e-05,1.2407357868525974e-05,1.8888021929639676e-05,1.1750800311988968e-05,8.741788584112455e-06,1.5080224577494279e-05,1.0873966700023613e-05,2.3565845958086848e-05,6.864751249320476e-06,2.1013925537541268e-05
2022,1.6144286228951226e-05,3.3643800428442686e-05,1.2403395823887133e-05,2.2584507041004122e-05,4.3624233408725407e-05,2.1374258973294333e-05,7.673366214651612e-06,2.267663847618635e-05,1.5833555599641085e-05,2.6135317451925e-05,1.523356041366049e-05,1.413713973168089e-05,2.0245345390887376e-05,1.7295723863467993e-05,3.098588058643148e-05,1.0868220012412567e-05,4.281070896961297e-05
2023,1.6051771262518348e-05,3.602033990045943e-05,1.299894802122639e-05,2.3040860884743165e-05,4.3924196177412736e-05,2.2434542305196557e-05,6.947898357458699e-06,2.22333756000891e-05,1.5303703864291686e-05,2.3997745803581684e-05,1.446193949130775e-05,1.7746318783263956e-05,2.1624119058501483e-05,1.5983357521392583e-05,3.133683038616314e-05,1.3916586433321065e-05,4.514536749751905e-05
2024,1.399463587447063e-05,3.3024413257760465e-05,1.2137625059565619e-05,2.2594804334763304e-05,4.3505999183688667e-05,1.906519635445553e-05,6.326734258752931e-06,1.8419229327957223e-05,1.6387504451160745e-05,2.5958151935178924e-05,1.5005322856509185e-05,1.6712445219015506e-05,1.7389272057863087e-05,1.9507853053411158e-05,2.6176826784724825e-05,1.5187440215903615e-05,3.195838807914532e-05
