Years,English,Polish,Russian,Ukrainian,Lithuanian,German,Japanese,Spanish; Castilian,French,Italian,Chinese,Persian,Portuguese,Arabic,Turkish,Indonesian,Dutch; Flemish
2020,1.5795754072747167e-05,4.081968410381172e-05,2.2709527583539284e-05,2.5479476304057215e-05,7.074596155744154e-05,2.575849179131201e-05,1.104074465846294e-05,3.018980054007874e-05,2.221786582100449e-05,2.3030774846174885e-05,2.1227432091627545e-05,2.2063267083796596e-05,2.4055075446883234e-05,4.550223056036745e-05,7.121753546563081e-05,1.3500667788744948e-05,4.0854481439282855e-05
2021,2.0035575327730048e-05,4.9927113303961636e-05,2.5118064263717803e-05,2.7285093591642066e-05,8.254610915085654e-05,3.504380581224781e-05,1.1807622674443664e-05,3.528420431881214e-05,2.7734935201090402e-05,2.8007693123950553e-05,2.09017185292307e-05,2.728398277031434e-05,3.335818006511158e-05,6.750209086608455e-05,0.0004006529112159537,2.031671842517537e-05,0.00015330486619875955
2022,1.8770719673617068e-05,5.741293554266954e-05,2.307858253642888e-05,2.613751844871683e-05,0.00011932585054334272,3.012884462115965e-05,1.3940817448707615e-05,3.1885526604574695e-05,2.718296174932254e-05,2.832214046352941e-05,2.420669835300047e-05,2.647708146727427e-05,3.460032941244558e-05,5.305173521987514e-05,4.7043900403894e-05,2.182879073154957e-05,5.084382573545787e-05
2023,1.9590893757844383e-05,7.778750081143988e-05,2.7042152613718273e-05,3.328395576314303e-05,0.00016064172564809906,3.499914605812499e-05,1.3838965773158669e-05,3.664531817518015e-05,0.00010076893865244759,3.1521141847900374e-05,2.383817128062406e-05,3.3573932987805596e-05,4.78267714840905e-05,7.103672327683205e-05,6.646610914755645e-05,2.4920511802099862e-05,0.00012524141258990896
2024,1.7484854624758437e-05,8.210004524419832e-05,2.5633494434643395e-05,4.319531998932921e-05,0.00024989703580193196,3.207673326099035e-05,1.2145124203638434e-05,3.479887244207097e-05,2.2707082471360414e-05,2.965998806554124e-05,2.2319410604461464e-05,2.590387983388401e-05,3.023599415753027e-05,5.110141238190014e-05,5.534727846895718e-05,2.1045966515097115e-05,5.512987418681594e-05
