Years,English,Polish,Russian,Ukrainian,Lithuanian,German,Japanese,Spanish; Castilian,French,Italian,Chinese,Persian,Portuguese,Arabic,Turkish,Indonesian,Dutch; Flemish
2020,7.158986840281409e-06,1.6641658684775152e-05,1.690270546528593e-05,1.0865645308716004e-05,3.852164000090748e-05,1.2930604946832767e-05,4.937091163291428e-06,8.062055304605791e-06,8.329514781904835e-06,1.083142360326757e-05,8.294765754699392e-06,1.0180968431111544e-05,8.72793091244186e-06,1.1343867734500363e-05,1.3293526942363905e-05,3.973262465907985e-06,1.4084160112078929e-05
2021,8.02064193245858e-06,1.6138296111998572e-05,1.5367182359553843e-05,1.2283959909527474e-05,3.687401168590767e-05,1.2925496010706602e-05,4.626926904056815e-06,8.70812446959877e-06,9.865084719133367e-06,1.1122176940598432e-05,6.85279006925736e-06,1.0670674556502584e-05,9.312770587007601e-06,8.864533722597471e-06,1.7817044824633557e-05,4.7556243958009115e-06,1.4920239201048623e-05
2022,9.754606587176632e-06,2.447072034260115e-05,1.88681000052675e-05,1.6128690031664778e-05,6.848273512766391e-05,1.7319360648252796e-05,5.921531028559693e-06,1.110412286839879e-05,1.0399004711616868e-05,1.4739857698189987e-05,8.986181685035169e-06,1.2609419205313893e-05,1.1636588297211728e-05,1.1116111557150053e-05,1.4547549255174162e-05,6.239343361329874e-06,1.9119293034247496e-05
2023,8.715758400232567e-06,2.5376029651739247e-05,1.8883469911068192e-05,1.821518392378775e-05,6.1020342421929883e-05,1.5538986303918118e-05,5.301785619024942e-06,9.805034679521599e-06,9.674191363316878e-06,1.1533927131801498e-05,9.935883751034583e-06,1.1142618658302373e-05,1.219927112969171e-05,7.146376875521399e-06,1.9950822994376455e-05,6.641865378496909e-06,1.926843668541381e-05
2024,7.616059690293888e-06,2.455332441711137e-05,1.719084964888946e-05,1.784353315716131e-05,5.439584437813343e-05,1.4038902275802932e-05,5.7343986411347944e-06,8.982358080588265e-06,7.800701067111107e-06,1.1081590507131597e-05,1.2778107454302011e-05,9.439297367175726e-06,1.0598457231797624e-05,6.174752220445096e-06,1.1785261001586244e-05,6.729359163845929e-06,1.7281998515417823e-05
