Years,English,Polish,Russian,Ukrainian,Lithuanian,German,Japanese,Spanish; Castilian,French,Italian,Chinese,Persian,Portuguese,Arabic,Turkish,Indonesian,Dutch; Flemish
2020,9.650614028283306e-06,3.418853817101285e-05,9.074210581199993e-05,0.0005240875784858534,5.3101301181902476e-05,1.2639732805396817e-05,4.168398786638809e-06,9.200795404218964e-06,7.169836573770385e-06,1.0310385300643427e-05,8.907989513225564e-06,1.2711498156763547e-05,9.09324749274763e-06,8.502960903827186e-06,1.6383774712691448e-05,2.947593358282485e-06,1.3943418249286103e-05
2021,1.0629887628474717e-05,3.648810630860267e-05,9.73392490190841e-05,0.0006563102607779077,5.5848718423478874e-05,1.4046814876245491e-05,5.001146427475154e-06,9.129257084035169e-06,8.500478800550487e-06,1.150036819103061e-05,8.419044163606254e-06,1.0373437768690942e-05,1.002028397839556e-05,1.4999432888613662e-05,1.92145469379601e-05,4.612608744773402e-06,1.3933290571061655e-05
2022,4.3500026049596345e-05,0.00017397258811549217,0.00015744597051693123,0.0008416928315208118,0.0003326232244880277,7.609016605654079e-05,4.90563816507109e-05,3.7897077853866135e-05,4.2257587084600944e-05,6.508102549755704e-05,5.3045652805898786e-05,3.018556579640229e-05,5.51638457032163e-05,3.1043045795527215e-05,5.4976564729130575e-05,1.8159065280131195e-05,8.334350160072358e-05
2023,1.2580473214379577e-05,4.8576020462507784e-05,0.0001270510618500445,0.0006605394704828862,0.00011069224010657284,2.0850640243683575e-05,1.0642631234528502e-05,9.372687900853408e-06,1.0103386093374092e-05,1.4100012620577345e-05,1.085877034449898e-05,1.0155070108311978e-05,1.5239025239767256e-05,1.1018049077833152e-05,1.3753512994196613e-05,8.90711439299575e-06,2.1574729192458223e-05
2024,1.0197630210935103e-05,4.0038097963117326e-05,8.50912513169585e-05,0.0004358425492315503,8.301727574294456e-05,1.888828188718321e-05,7.533845918655425e-06,8.236802485353915e-06,8.767889377583135e-06,1.0845310805027218e-05,8.303579022894332e-06,9.064597261618877e-06,1.0331185939837064e-05,8.220786136543992e-06,1.0736490088584297e-05,4.71946828300073e-06,1.4832256365262641e-05
