Years,English,Polish,Russian,Ukrainian,Lithuanian,German,Japanese,Spanish; Castilian,French,Italian,Chinese,Persian,Portuguese,Arabic,Turkish,Indonesian,Dutch; Flemish
2020,7.426892455168849e-06,2.196712605414759e-05,1.282686769037664e-05,1.3141454777100608e-05,2.420816981695726e-05,1.755841439514508e-05,3.812529473332003e-06,1.4568160015696145e-05,1.602809739086232e-05,1.6707177686202785e-05,8.124959375713972e-06,8.648951197281816e-06,7.506471886067087e-05,9.936090281400375e-06,1.4169002042688827e-05,3.636786157963548e-06,2.1697519146619982e-05
2021,8.303766127794455e-06,2.4359477944283703e-05,1.2537987280845319e-05,1.238048074572842e-05,3.2124921905260335e-05,1.6961108276963634e-05,3.7998836352914656e-06,1.5501628602500387e-05,1.6769609349441414e-05,1.87343144198017e-05,7.251909125326772e-06,8.542089186360644e-06,8.98955321173702e-05,1.0262593930921315e-05,1.388771679119255e-05,4.922003989818065e-06,2.7304424437089795e-05
2022,1.1843738633716573e-05,3.040557362906865e-05,1.655038302506429e-05,1.8169902163107696e-05,5.2994493522524064e-05,2.6282596207433138e-05,4.194844591158165e-06,2.2393822247693744e-05,1.9499437789990055e-05,2.5813183693693156e-05,1.0950799970477783e-05,1.1176567833689173e-05,0.00011752198230316118,1.6465679182596603e-05,1.719261583361701e-05,6.829091734096448e-06,3.7876807341313304e-05
2023,1.1815781533797418e-05,4.17032367326939e-05,1.576218164919909e-05,2.0039227526507162e-05,5.9828347507078164e-05,2.88405416379418e-05,4.361368844684088e-06,2.6211694207523945e-05,2.3106243956870278e-05,2.9616676124894454e-05,1.2532863367878388e-05,8.185068718083456e-06,0.0001031766193539184,1.6740941025414773e-05,1.8072735426400227e-05,8.957715120675803e-06,3.932071134707801e-05
2024,1.0637144337478642e-05,4.098876434772402e-05,1.5338870151118902e-05,2.5199053503977176e-05,7.051708579343892e-05,2.3447112315024503e-05,4.564016002828847e-06,2.0843299550787573e-05,1.9518628494009242e-05,2.3937996721404598e-05,1.2690112438817685e-05,7.5736600715336415e-06,7.854660768581853e-05,1.2710895143004723e-05,1.9834091397997477e-05,6.812055926385177e-06,3.7696279193192694e-05
