Years,English,Polish,Russian,Ukrainian,Lithuanian,German,Japanese,Spanish; Castilian,French,Italian,Chinese,Persian,Portuguese,Arabic,Turkish,Indonesian,Dutch; Flemish
2020,4.868201388821162e-06,1.2281635997346652e-05,6.211575524842675e-06,5.89886071867006e-06,1.1545083814684612e-05,1.541019689475934e-05,1.3380099783939088e-06,4.098961962404389e-06,5.827971238444957e-06,1.240629678031064e-05,3.530583172214325e-06,2.1933508697178143e-06,3.6210996532909552e-06,1.9774501089095186e-06,6.302768599359683e-06,1.0292216478300411e-06,1.3578265148575582e-05
2021,4.992549583708493e-06,1.486166670771146e-05,7.767215443876459e-06,6.34007213603661e-06,1.7329125476191882e-05,1.6095400721019495e-05,1.5743496899258219e-06,5.42781500324e-06,7.864794257799492e-06,1.3293930195216092e-05,3.0507214968802857e-06,2.427083417307806e-06,4.872514130710751e-06,2.21186199271214e-06,6.572498621706424e-06,1.2602369248958796e-06,1.7885702394541634e-05
2022,6.616912852833191e-06,2.064722762311362e-05,8.04512401817374e-06,9.147234946868334e-06,2.4152580777629902e-05,2.2505121235348806e-05,1.9904984766437775e-06,7.335712856357562e-06,7.8130782684278e-06,1.9614873756009242e-05,4.122399099047768e-06,3.120050218463647e-06,7.240655821949183e-06,2.886007518001517e-06,9.413977671467328e-06,2.0025521668667163e-06,2.8724416427020726e-05
2023,6.874301708511957e-06,2.333942776106609e-05,8.709514618101262e-06,1.1086515132172296e-05,2.598712201351389e-05,2.3614567810988167e-05,2.025166099180065e-06,8.398182861169117e-06,9.217484150563688e-06,2.0809093882724003e-05,5.170279211129074e-06,2.6803433296952967e-06,6.846447563215982e-06,3.2398930563278262e-06,1.3690170173368358e-05,2.1564227919540683e-06,3.150288677625902e-05
2024,6.901651203648042e-06,2.3848854261797198e-05,9.057923506370743e-06,1.4206145169230541e-05,2.7037777406795468e-05,2.0857709039804965e-05,2.215282085621195e-06,8.917635738615374e-06,8.466757613055524e-06,1.9316409235304684e-05,5.699759439190457e-06,3.5839244585332535e-06,6.880731260711795e-06,3.5410322451292916e-06,1.0187639206063323e-05,1.8854861858948521e-06,3.171355620824079e-05
