Years,English,Polish,Russian,Ukrainian,Lithuanian,German,Japanese,Spanish; Castilian,French,Italian,Chinese,Persian,Portuguese,Arabic,Turkish,Indonesian,Dutch; Flemish
2020,4.541291224272619e-05,9.957832378173741e-05,5.927563874737455e-05,7.592034895611081e-05,0.00017281119528146492,5.113615555344965e-05,1.7411575011925556e-05,5.1128713819224205e-05,5.459921868582151e-05,6.66560111663673e-05,3.021368375064302e-05,5.716266947749509e-05,6.709544929900705e-05,5.897789688512886e-05,5.889485660938142e-05,4.001023030077759e-05,6.83429187278234e-05
2021,5.463715816176881e-05,9.275553107696736e-05,6.44085487697339e-05,8.381824522278033e-05,0.00014958911062871842,4.893027776896966e-05,1.7975977615437923e-05,5.4379131011924686e-05,5.183921417136267e-05,6.523691366995246e-05,2.781308344824688e-05,6.203378007805324e-05,7.475991196805528e-05,6.359502515637188e-05,5.8040306194168104e-05,4.725038870432652e-05,7.067821949178029e-05
2022,6.728043138784255e-05,9.447769783519882e-05,6.147273343385664e-05,8.53902356512309e-05,0.00017404312731548896,5.372147755446447e-05,1.8008835734384106e-05,7.018976486294436e-05,4.941234999365178e-05,6.710388505946742e-05,3.2827846978360056e-05,6.285899339216668e-05,9.636647327153044e-05,7.412408422267511e-05,6.648605884160726e-05,5.060008634580454e-05,7.781500679229039e-05
2023,5.4578516256282676e-05,0.00010683599319702147,5.507402490204701e-05,7.465279330022236e-05,0.0001649116800348624,5.563225116508872e-05,1.7230059047117554e-05,6.173752935628997e-05,4.929675185930395e-05,6.310842808078598e-05,3.215155062885319e-05,5.388407320442955e-05,0.00011928129543594922,6.0933082313726325e-05,6.044312725256207e-05,4.054781872739863e-05,7.461260512391801e-05
2024,4.2176213491144824e-05,8.094350453241947e-05,4.3119980310581915e-05,6.235800214666012e-05,0.00013977080719340467,5.1124868898262985e-05,1.6797894375861432e-05,5.070776977630471e-05,4.1608606284167604e-05,5.505480135513541e-05,2.7956885505942848e-05,4.3892219937879594e-05,5.363904728536156e-05,4.6945419307583025e-05,5.2760428122553274e-05,3.188787163513399e-05,6.0416534469021834e-05
