Years,English,Polish,Russian,Ukrainian,Lithuanian,German,Japanese,Spanish; Castilian,French,Italian,Chinese,Persian,Portuguese,Arabic,Turkish,Indonesian,Dutch; Flemish
2020,3.288664152291432e-06,9.923281254990346e-06,8.136746120887e-06,6.48126211397095e-06,2.4679708154579426e-05,1.6153241390127714e-05,1.3782514311241739e-06,5.81471887756151e-06,9.912615593762966e-06,7.302767025157441e-06,3.0857354140298946e-06,7.04506035896826e-06,8.522945080969894e-06,6.758897629038587e-06,8.687093244099347e-06,1.6661413559299926e-06,1.5837892378769062e-05
2021,3.647746188742546e-06,1.128165257753977e-05,7.604307100778507e-06,7.78676234374615e-06,2.3023702735965057e-05,1.1003544118676119e-05,1.4288450447226056e-06,6.470906591911445e-06,9.42959198007974e-06,7.3579584939656944e-06,4.418662336593598e-06,6.51944960197335e-06,7.601535358019765e-06,1.0447937194458404e-05,6.835044288085109e-06,2.0475310038195978e-06,1.5979910361666212e-05
2022,4.567772096118728e-06,1.621681964853661e-05,1.0834887087956602e-05,1.2254822348089567e-05,3.1396674246772904e-05,1.552254053819043e-05,1.4089961186801955e-06,8.279620674572483e-06,9.060276850965287e-06,9.94612116628972e-06,3.3353625021749847e-06,8.056517615225527e-06,1.3192165136134503e-05,1.8099585402334495e-05,1.789936139675235e-05,3.6575740426388445e-06,2.2976682352396762e-05
2023,4.599527017028562e-06,1.7536906735546855e-05,9.337938926416467e-06,1.3351628807722796e-05,3.6821212780693576e-05,1.770571835437861e-05,1.110187936864546e-06,8.077659817143164e-06,9.802582949231429e-06,1.0249916849867247e-05,3.3697517815889088e-06,1.2176368310046707e-05,1.9726898045534018e-05,1.9310107285187922e-05,1.7446345309320812e-05,3.5968106292027195e-06,2.7567252741659174e-05
2024,4.423865322379316e-06,1.4475562861205296e-05,7.714801248508156e-06,1.4615703966480837e-05,2.7224612986111925e-05,1.4207234685340824e-05,1.208851937733752e-06,6.808436587826777e-06,1.0251765218844389e-05,9.038785782035916e-06,3.4870288131946952e-06,7.371267313787606e-06,1.3139481514834579e-05,1.5132809482765197e-05,1.0170542884266214e-05,2.202610292675794e-06,2.3907405161494117e-05
