Years,English,Polish,Russian,Ukrainian,Lithuanian,German,Japanese,Spanish; Castilian,French,Italian,Chinese,Persian,Portuguese,Arabic,Turkish,Indonesian,Dutch; Flemish
2020,1.0212158701970475e-05,3.001539577250083e-05,1.4242882553900438e-05,1.76381081203374e-05,3.433863861877538e-05,2.1103562636942595e-05,5.008704823250387e-06,9.185790011743039e-05,2.256823429992588e-05,3.221574680882309e-05,9.47074133961046e-06,1.1913652909674638e-05,2.356719491635784e-05,1.9868825161032236e-05,1.428964479394403e-05,5.157780871250843e-06,3.0303274544397065e-05
2021,1.264088213141623e-05,3.112457534925916e-05,1.3836409167841625e-05,1.873065389950699e-05,3.8829943799213794e-05,2.0664588076416483e-05,4.931754227712956e-06,9.343972696207884e-05,2.799662611289225e-05,3.283447820015393e-05,8.378072925610058e-06,1.2278780233135594e-05,2.5034780131294364e-05,2.0053843971204225e-05,1.4507704147942218e-05,6.831475330517046e-06,3.1849005438561954e-05
2022,1.4057925741625296e-05,3.7332260007741026e-05,1.557358113045857e-05,2.172763204546544e-05,6.192775495836978e-05,2.318647461079354e-05,5.246428692026576e-06,0.00011594723457838834,2.435834130634574e-05,3.5247226291720046e-05,1.1207454849009537e-05,1.6541173183102617e-05,3.453111800233368e-05,2.8348917721173466e-05,2.067943856259235e-05,1.4385647807127487e-05,3.69740574217042e-05
2023,1.3363263071652377e-05,4.3843388315679186e-05,1.791236129966258e-05,2.2536660553396177e-05,6.344515399529263e-05,2.564144118628397e-05,5.666946971785784e-06,0.00011594329419642808,2.783735926247693e-05,4.0287383849455045e-05,1.3029086697743438e-05,1.709610621887399e-05,4.046506389668852e-05,3.895730131602357e-05,2.4825513239997076e-05,4.960326950016878e-05,4.013469693779957e-05
2024,1.2889617361274008e-05,4.506437814665775e-05,1.7535254511858377e-05,2.496849427607143e-05,5.829270074673377e-05,2.319151175213896e-05,5.694830218866195e-06,0.00010092627194496225,2.5174304329060003e-05,3.794137418899103e-05,1.3591789757978057e-05,1.739928145265028e-05,3.119710880345467e-05,3.7125223613213755e-05,2.508030407635854e-05,4.0474671995839724e-05,4.001791164345598e-05
