Years,English,Polish,Russian,Ukrainian,Lithuanian,German,Japanese,Spanish; Castilian,French,Italian,Chinese,Persian,Portuguese,Arabic,Turkish,Indonesian,Dutch; Flemish
2020,6.749891880879737e-06,3.410937791574092e-05,5.8216167676181865e-05,2.6727312225314342e-05,8.17206360927445e-05,1.2972525276783774e-05,2.6832033126485936e-06,4.582148898852202e-06,6.23996512939282e-06,7.2579386239443626e-06,5.081726641381991e-06,4.810225395387298e-06,6.595650716469875e-06,6.058737126675828e-06,1.1465952291592512e-05,1.876248733741451e-06,1.255539318512851e-05
2021,6.026801021532097e-06,2.2775860381263594e-05,4.310833337694546e-05,2.3762083070307507e-05,4.850134244065366e-05,8.462933542210388e-06,2.8058913418534072e-06,4.803060707772438e-06,5.4098289159427284e-06,6.0129023868549904e-06,3.911273278975302e-06,4.334527980676161e-06,5.5145861211914265e-06,6.3276710172701965e-06,8.543805360106386e-06,2.380290191853903e-06,7.733406253330645e-06
2022,7.723769669438023e-06,2.8359528004897587e-05,4.928987622363764e-05,2.4950350228025573e-05,6.386903754696843e-05,1.051382851661804e-05,5.404482748365525e-06,6.613388931750001e-06,6.5652066764924145e-06,1.1298731851399455e-05,6.772197673066933e-06,6.495265749682381e-06,8.228094338060206e-06,8.070660428133694e-06,1.1353566391820817e-05,4.218159034334543e-06,1.1419447103386109e-05
2023,5.646893419895381e-06,2.746608860378654e-05,5.233856898035022e-05,1.9065338071801874e-05,5.793421860128639e-05,7.213957666015078e-06,2.688554584408136e-06,4.801713081968482e-06,4.415294931325767e-06,6.301659997184371e-06,4.356701293225063e-06,5.495213396850586e-06,6.6213713434119085e-06,6.682796432887258e-06,7.750021197918616e-06,6.838723003991912e-06,7.5149780799949756e-06
2024,5.152357228348368e-06,2.6042908531980418e-05,4.9646849417856174e-05,1.493089886032667e-05,5.124633032679892e-05,6.132759136677765e-06,1.9905114646787316e-06,4.551999311810459e-06,3.8230329183390044e-06,5.820924409588321e-06,4.316644370703294e-06,5.176741786808216e-06,5.2636514439226055e-06,5.093989460347866e-06,6.967045896490732e-06,2.639105378426433e-06,6.554946311135745e-06
