Years,English,Polish,Russian,Ukrainian,Lithuanian,German,Japanese,Spanish; Castilian,French,Italian,Chinese,Persian,Portuguese,Arabic,Turkish,Indonesian,Dutch; Flemish
2020,2.691900604562625e-05,7.298358233410484e-05,4.767930850136487e-05,5.794893883243857e-05,0.00014057166281081403,3.715727647837056e-05,1.9646698177870855e-05,3.787653632829999e-05,7.179360501083567e-05,4.992722766056347e-05,4.084691424795271e-05,6.592835498541507e-05,5.693736810696763e-05,4.7535231209666774e-05,7.530960716361136e-05,3.4891019866033205e-05,7.368501439390857e-05
2021,3.2106937970652524e-05,9.566867346697382e-05,5.125274118647065e-05,7.08687404775882e-05,0.00015441037502609292,4.436703905476916e-05,1.9945538157981096e-05,4.5329889998170314e-05,7.028418013118897e-05,5.485542537035505e-05,3.6360961124487565e-05,8.743848641057685e-05,5.963146741094511e-05,5.698321065892959e-05,7.677657717120703e-05,4.489700244682433e-05,8.807160189721147e-05
2022,3.550732275109228e-05,9.814487501740212e-05,5.697107029852521e-05,7.210301105080728e-05,0.0002532071185908104,4.7346817618331705e-05,2.219501982930452e-05,5.7451559700572364e-05,7.010099538972713e-05,6.174259624399028e-05,6.308089692044827e-05,7.394559909635886e-05,7.857275729611164e-05,7.112318351438349e-05,0.00010965775418254718,6.44016564375959e-05,9.803796251021038e-05
2023,3.425389225177194e-05,9.609448829125742e-05,5.78985546685352e-05,6.547702065913132e-05,0.00028934451905715747,4.395471875977494e-05,1.817733161760708e-05,5.8130135921777245e-05,7.264373003976402e-05,5.7401012052963704e-05,5.005449339819831e-05,6.376397498611882e-05,7.620282709593689e-05,5.630486061581462e-05,8.592859689076123e-05,5.652725126449832e-05,7.841874145090307e-05
2024,3.5179070367493045e-05,9.729946379058335e-05,5.4662552401637026e-05,7.382467564592194e-05,0.0002788832413930276,4.480299429656999e-05,2.0372425041265087e-05,5.69886464384039e-05,7.08181480699241e-05,6.735855949316735e-05,4.857831821902159e-05,6.468705015730963e-05,7.294169859229329e-05,6.573347413473069e-05,0.0001006342558528226,5.5693752712193136e-05,8.137812825355713e-05
