Years,English,Polish,Russian,Ukrainian,Lithuanian,German,Japanese,Spanish; Castilian,French,Italian,Chinese,Persian,Portuguese,Arabic,Turkish,Indonesian,Dutch; Flemish
2020,1.5421044592788243e-05,6.0157137521063134e-05,0.00035415238811072617,0.00010678528394563107,0.00018817421853947739,2.8884082227637924e-05,9.761740817496833e-06,1.9067339659253105e-05,2.0253135639396993e-05,2.5834387151550206e-05,1.7836821686687604e-05,2.528359046321954e-05,2.4293077536263196e-05,2.4540662890056593e-05,4.22575690883091e-05,1.534037610895397e-05,2.8886990287316502e-05
2021,1.761007315404528e-05,5.828556362582823e-05,0.00036055906045409007,0.00011668807929042137,0.0001725334212862836,2.7910393577453562e-05,1.0044200004969916e-05,2.0885242588751212e-05,2.0068356405139933e-05,2.7148992811232085e-05,1.7241101987654182e-05,2.6714313961990753e-05,2.593373832270495e-05,2.814320456554137e-05,3.800206176795487e-05,1.951880437216545e-05,2.4994618345155377e-05
2022,2.51936233814696e-05,9.876243147103911e-05,0.0005033375594087171,0.00017208182660956295,0.0002406181951374737,3.653885349857831e-05,1.8268650621516622e-05,2.4759428154714453e-05,2.1756038301141162e-05,4.148959921213758e-05,2.7395510535894245e-05,3.677202043189298e-05,3.8904875948142897e-05,3.7118707120154104e-05,5.01751318674712e-05,3.177107339496187e-05,3.907821136966527e-05
2023,1.757381043604009e-05,6.151636757108746e-05,0.000375010053214863,0.00010177691930577396,0.0001617684057730959,2.4121773556651465e-05,1.0102376456444342e-05,2.0020856291700677e-05,1.5901527186206316e-05,2.4876797643398845e-05,2.009757343146664e-05,3.455095040430797e-05,2.9351619258182243e-05,3.293385758704643e-05,4.207804034541605e-05,2.4616214275366388e-05,2.5548047745147032e-05
2024,1.88519733289127e-05,6.008738837126625e-05,0.00022518378912690434,7.428579410173344e-05,0.00016343664724015558,2.5129505825829803e-05,9.687943499472397e-06,2.0114496844713406e-05,1.6245077265235525e-05,2.800240622899917e-05,1.8625430551146224e-05,3.023412758660577e-05,2.292479681599193e-05,3.565835239071586e-05,3.969824874122435e-05,1.9529379800355603e-05,2.595644863920962e-05
