Years,English,Polish,Russian,Ukrainian,Lithuanian,German,Japanese,Spanish; Castilian,French,Italian,Chinese,Persian,Portuguese,Arabic,Turkish,Indonesian,Dutch; Flemish
2020,3.2262443812524345e-06,9.479983825467533e-06,6.680401063929994e-06,4.867378729402218e-06,1.4465579325118664e-05,4.924353685132755e-06,1.262877940054161e-06,2.860259794746278e-06,3.7421191106545293e-06,6.254370350229936e-06,2.726914714272495e-06,4.119466995247445e-06,3.2997255745174124e-06,5.56773000121696e-06,3.1571718911251926e-05,2.581681717214704e-06,8.093211212409506e-06
2021,3.8058155274813025e-06,1.0393139280910866e-05,8.563588942663839e-06,6.4781193785100575e-06,1.4341096343687326e-05,5.1415187432413685e-06,1.3009338516897834e-06,3.1797652557766715e-06,4.142528769540277e-06,7.707839252095383e-06,2.1328411384255727e-06,5.2384305178685715e-06,3.462653774322249e-06,6.75072908774864e-06,3.757882550094923e-05,3.103156427988e-06,8.414458524315806e-06
2022,4.450777652797356e-06,1.5087751788856845e-05,1.1669030643766612e-05,6.652105554572875e-06,2.2034817953704107e-05,6.480099041802153e-06,1.610019560198753e-06,4.419114856750696e-06,4.276974723640112e-06,9.267445902352766e-06,3.055881068676655e-06,7.456633778988807e-06,4.79137825051354e-06,8.670527935260617e-06,3.600092174833893e-05,4.750390738878003e-06,1.0023239145013234e-05
2023,4.460129526878134e-06,1.9881167098324274e-05,1.3272558428044047e-05,6.3079754309087524e-06,2.789757961676939e-05,6.960919153207938e-06,1.5642942238700001e-06,4.340907306566147e-06,4.6394070299534e-06,9.1463962993023e-06,2.9523913839946997e-06,7.41765482939123e-06,5.091343105832427e-06,8.661543883565774e-06,3.477683280960533e-05,3.021487287087041e-06,1.0493425355135216e-05
2024,4.192018807221489e-06,2.227397381551972e-05,1.1376512995490789e-05,8.160045585119892e-06,2.8959514794050428e-05,6.5747868091436644e-06,1.5855762914160465e-06,3.73932810472319e-06,3.916268866100137e-06,8.391734542607437e-06,3.0260508102665217e-06,5.633834890028568e-06,5.1946211102374275e-06,8.226326324194333e-06,3.143659861485601e-05,2.574386172960935e-06,1.225796311799033e-05
