Years,English,Polish,Russian,Ukrainian,Lithuanian,German,Japanese,Spanish; Castilian,French,Italian,Chinese,Persian,Portuguese,Arabic,Turkish,Indonesian,Dutch; Flemish
2020,5.478339541474139e-06,1.4596530207396798e-05,6.778064411524036e-06,4.018335731433451e-06,1.4777403064513966e-05,8.510624618467834e-06,2.376811195321622e-06,5.008151326307568e-06,4.88308560277367e-06,8.031632735372707e-06,3.019733656614382e-06,2.9280052296430907e-06,5.537230247131436e-06,4.023872365282888e-06,5.274044598791665e-06,2.9267856227987413e-06,8.494380931551262e-06
2021,5.858659848949653e-06,1.51858539916166e-05,6.826606491379678e-06,3.757578600008952e-06,1.1677852986455005e-05,8.105474284857503e-06,2.8286193637559337e-06,5.642093846470136e-06,5.178945685894543e-06,8.881493791679055e-06,2.3524968250211506e-06,3.830024238987374e-06,6.2694584211307104e-06,2.8135775977824454e-06,4.565764034349337e-06,3.081208481543184e-06,9.05164641174599e-06
2022,6.317145627511291e-06,1.8785751753059854e-05,7.457815121782904e-06,5.4507819099465075e-06,1.313517180077785e-05,9.381143099998679e-06,2.7547039956229824e-06,5.9221263207999e-06,5.450478777107798e-06,9.029400465752012e-06,3.266882837275257e-06,4.459259191657414e-06,6.811948252518198e-06,3.2838349592101214e-06,7.049707760709643e-06,3.4672019717595248e-06,1.1211067986604158e-05
2023,5.889896414289326e-06,1.7142894548915153e-05,6.985815351327151e-06,6.01252582105434e-06,1.5299989523507706e-05,8.926431202202573e-06,3.008160975917934e-06,5.721408202016645e-06,5.194700639033834e-06,8.952536958201938e-06,2.98664284519544e-06,4.316405874158231e-06,6.692079580426562e-06,2.660159000929592e-06,5.158379460270247e-06,2.949398579159293e-06,1.23954657590435e-05
2024,6.373189740634197e-06,1.7709069242779438e-05,8.18849970438088e-06,8.092920746615687e-06,1.4350751877973378e-05,8.949535242716605e-06,3.2010120866736753e-06,5.620958506484918e-06,5.583265374979533e-06,9.361858411523728e-06,3.062624870200336e-06,4.134350708484464e-06,6.142283691135996e-06,3.3910210102892973e-06,5.69543327178854e-06,2.8138472331832786e-06,1.2680725127633612e-05
