Years,English,Polish,Russian,Ukrainian,Lithuanian,German,Japanese,Spanish; Castilian,French,Italian,Chinese,Persian,Portuguese,Arabic,Turkish,Indonesian,Dutch; Flemish
2020,8.131407774802991e-06,2.35844787206839e-05,1.4661839653292711e-05,1.0599003706048128e-05,4.3830249027686044e-05,1.6879269599342615e-05,3.28015484458899e-06,1.054189773914262e-05,9.67205239445237e-06,1.3993957075076785e-05,6.6896765766843715e-06,9.60597959524094e-06,1.2731686619616168e-05,7.653298611556297e-06,1.3591873205603125e-05,4.478738186439898e-06,1.715222190059813e-05
2021,1.1731685550189743e-05,2.4047622108615194e-05,1.3257246793184845e-05,1.002918828246117e-05,4.160144908153686e-05,1.7371294126739976e-05,3.5152925570501986e-06,1.0068222956795352e-05,1.0264770794111042e-05,1.2966513197282944e-05,6.050968921096056e-06,1.2287188628830406e-05,1.1610682234655473e-05,7.543730826529566e-06,1.360429399953556e-05,4.862532134935337e-06,1.734778653305166e-05
2022,1.0166541123522171e-05,2.9863973316788076e-05,1.405363303650731e-05,1.4639539433691165e-05,6.033102901969557e-05,2.0662620974799508e-05,3.7532425570351705e-06,1.3147739680021306e-05,1.1621414114665122e-05,1.4928222560632913e-05,7.831042911852643e-06,1.2775031307342436e-05,1.6063430722621336e-05,9.652591157026061e-06,1.638065075166511e-05,8.63317089089749e-06,2.572022759680277e-05
2023,1.0111722352556712e-05,3.1101168777227396e-05,1.5221997854487004e-05,2.0359929239767937e-05,7.05889591356711e-05,2.1999574642670413e-05,3.5495884559748943e-06,1.608508244706031e-05,1.2242023081607905e-05,1.5666016118286443e-05,8.445099473710991e-06,1.1239776857579036e-05,1.8161165648669912e-05,1.1615361276409335e-05,1.7819364143087205e-05,9.740293498083757e-06,2.5099259393360315e-05
2024,8.37667359223674e-06,3.055741072707027e-05,1.3566943046030745e-05,1.805852720512405e-05,5.755425536181635e-05,2.1593904835818347e-05,3.754878404864007e-06,1.1762921460330394e-05,1.0272351333112572e-05,1.4226429855079143e-05,8.311364590107966e-06,9.274853251507072e-06,1.3885363120345704e-05,9.23634514967952e-06,1.2342365280836857e-05,6.32738098767689e-06,2.236154811613181e-05
