Years,English,Polish,Russian,Ukrainian,Lithuanian,German,Japanese,Spanish; Castilian,French,Italian,Chinese,Persian,Portuguese,Arabic,Turkish,Indonesian,Dutch; Flemish
2020,2.3488166471241746e-05,9.415693280891781e-05,4.3677599488164434e-05,5.966690600050485e-05,0.00012760435852620449,5.460508501351806e-05,1.260759583070728e-05,5.053448254554687e-05,0.00018178981135271225,5.886733366773302e-05,2.359879554304248e-05,4.611005270207299e-05,5.488370935968304e-05,5.220520482659751e-05,6.315566512837431e-05,2.473024737530083e-05,7.567701044406688e-05
2021,2.7919494363937775e-05,9.868209000185184e-05,4.582074719607262e-05,6.876548411665129e-05,0.00013615019699412064,5.070531624963221e-05,1.3959535950855942e-05,5.3123769717158974e-05,0.00017676017848795235,5.813313416122434e-05,2.2724081807099545e-05,4.883301925698139e-05,6.755877465506035e-05,5.831849930104548e-05,6.729140325309707e-05,2.8901197478188034e-05,8.167086487583399e-05
2022,3.632865122783718e-05,9.181189413010507e-05,5.004604788072244e-05,6.835182370800303e-05,0.00016992525515785548,6.025039662405975e-05,1.2454959425917383e-05,5.9510410404880386e-05,0.00019222056966646501,6.630495822910604e-05,2.650182213598435e-05,5.360516161709036e-05,8.622028213575746e-05,6.373641112369092e-05,7.939890243998677e-05,3.364968119227737e-05,9.775152606955244e-05
2023,3.191247342897241e-05,0.00010543676396119372,5.018061157212947e-05,7.206361096429023e-05,0.00017583557863809257,5.935076806112195e-05,1.2853445076787078e-05,6.230738004173761e-05,0.00015941443213184396,6.327097438856886e-05,2.936766797681522e-05,4.8368137254586394e-05,8.200195265347046e-05,6.539034795249563e-05,7.290163146538101e-05,3.458871659225587e-05,9.627572164062125e-05
2024,2.7232470968289178e-05,9.132096638004698e-05,4.373355779971314e-05,6.364991208192946e-05,0.00015381016643918396,5.5536046573757774e-05,1.6163150935302645e-05,5.4262607989841506e-05,0.00014029628372504252,5.742267186671518e-05,2.9954698264901793e-05,4.1006413741706816e-05,5.994452576536354e-05,4.848814848406251e-05,5.863330942402905e-05,2.5718693149706096e-05,8.136816416578775e-05
