Years,English,Polish,Russian,Ukrainian,Lithuanian,German,Japanese,Spanish; Castilian,French,Italian,Chinese,Persian,Portuguese,Arabic,Turkish,Indonesian,Dutch; Flemish
2020,2.30653088376752e-06,7.386738330178792e-06,5.861874387438533e-06,4.304858506230074e-06,7.33926606137724e-06,5.617855972377213e-06,7.058746626456306e-07,1.8398783300244501e-06,2.5684351270595175e-06,5.506838387706272e-06,1.2912232356304156e-06,1.5136870528204315e-06,1.8394093614355629e-06,3.885928070355187e-06,9.252809929039288e-06,8.008440632523693e-07,5.1548092502427525e-06
2021,2.5843358926705898e-06,8.470731403179079e-06,7.563226744123696e-06,7.176211938009929e-06,1.1663418063109572e-05,5.976852176712505e-06,7.661835157638999e-07,2.314438626735609e-06,2.837445617213525e-06,5.13589257096263e-06,1.0245925182546923e-06,1.223841993380049e-06,2.159566229940368e-06,2.1498332852758804e-06,9.525030248186728e-06,1.143417209947666e-06,8.450819789631114e-06
2022,3.1002545886275305e-06,1.308243626947111e-05,1.0312264631636271e-05,6.447323754978279e-06,2.0177573572404104e-05,7.921809157170122e-06,9.389143757753666e-07,3.576700375518432e-06,3.2050950892549848e-06,7.050252787111238e-06,1.8339890087011174e-06,2.0233300761413008e-06,2.881008940337536e-06,3.3608212125677784e-06,1.0963113237658155e-05,1.4063230427510596e-06,8.597165775766076e-06
2023,3.3424687565752073e-06,1.7062895869655966e-05,1.0247843991660836e-05,7.003250011363867e-06,2.4558360985438198e-05,7.952243188986438e-06,9.22645829060744e-07,3.5000733121482857e-06,3.4983268101378246e-06,7.436317665149286e-06,2.035001938624247e-06,1.8218860934291352e-06,2.9392924069903676e-06,4.157747865796018e-06,1.7210839949831144e-05,1.108363884389121e-06,9.124449588921689e-06
2024,2.953650307337718e-06,1.6361774917123543e-05,8.94034950814535e-06,7.5316014449211015e-06,1.8229814381876908e-05,7.53153114910319e-06,9.175843849232254e-07,3.1454850088400856e-06,3.212032259390892e-06,6.4605466093033956e-06,2.2916726563479547e-06,1.6393129618112134e-06,3.087602925139079e-06,3.2742509013513474e-06,1.972502865549868e-05,1.0973500837816722e-06,8.282292098011582e-06
