Years,English,Polish,Russian,Ukrainian,Lithuanian,German,Japanese,Spanish; Castilian,French,Italian,Chinese,Persian,Portuguese,Arabic,Turkish,Indonesian,Dutch; Flemish
2020,1.1571408327984455e-05,4.41602468762872e-05,2.493753749839698e-05,3.131869350634104e-05,3.746448146978682e-05,2.5617309792132403e-05,6.15804176097453e-06,1.8498154313932927e-05,2.1593320281667153e-05,1.9899547766032508e-05,2.0348566584989404e-05,1.7507734729801644e-05,1.7294105913838054e-05,1.766022515251414e-05,2.8652653423110822e-05,8.654495444006752e-06,3.313141024398204e-05
2021,1.2797299059915007e-05,4.1353836173341094e-05,2.0909598733687408e-05,3.1676791638785144e-05,4.18829300867728e-05,2.2801231837084023e-05,6.171903834779704e-06,1.7224682080981607e-05,2.1692211872064935e-05,2.0623732058250505e-05,1.2152256130681736e-05,1.9721892102184164e-05,1.8893047251408136e-05,1.7338323731285088e-05,2.571872042239207e-05,1.0287214898166927e-05,3.220049766994328e-05
2022,1.8388013538815933e-05,5.4640352914219656e-05,2.2293366118009307e-05,5.0111144425219785e-05,7.486963888236076e-05,3.257926564273456e-05,6.542172167597725e-06,2.747561143626395e-05,2.642627484961952e-05,3.1915643477701545e-05,1.689510343147966e-05,2.8287364864015888e-05,2.5501044849044822e-05,2.9452517617021302e-05,3.9244345108485604e-05,1.3256376884549736e-05,4.967432339599435e-05
2023,1.86313953142727e-05,7.529595316068058e-05,2.543974933101561e-05,5.2339192993582366e-05,8.930164642909675e-05,3.993719366166547e-05,7.992685607378676e-06,3.5706458747566905e-05,2.5009649218053504e-05,3.6820608863007826e-05,2.2744238809928803e-05,1.984677034315065e-05,3.353845699547077e-05,3.0962003525849466e-05,4.4167812041117467e-05,1.540410919498401e-05,5.73051337252425e-05
2024,1.5689071162088522e-05,6.289441309579823e-05,2.1745802438660027e-05,4.778218395378323e-05,7.775918872503863e-05,3.384618812857139e-05,6.98080394259569e-06,2.9738667473997483e-05,2.509207955869813e-05,2.9186703876970196e-05,2.107806528314349e-05,1.7207145084654888e-05,2.79987033427081e-05,2.6890366181630525e-05,4.527223917541964e-05,1.1711299780123402e-05,5.0297291618671346e-05
