Years,English,Polish,Russian,Ukrainian,Lithuanian,German,Japanese,Spanish; Castilian,French,Italian,Chinese,Persian,Portuguese,Arabic,Turkish,Indonesian,Dutch; Flemish
2020,3.4737710595105286e-06,8.824661084765393e-06,5.175120656586166e-06,3.5189674667879084e-06,7.369687889610928e-06,8.445129642075034e-06,5.682914080468925e-07,4.093199182428405e-06,4.03724881115947e-06,6.663558117368331e-06,1.556047624517426e-06,1.8363947132209633e-06,3.164572691426395e-06,3.2964958263533114e-06,1.6034073764796296e-05,1.8199155962122918e-06,5.736616163362702e-06
2021,3.4832358223336637e-06,9.460492380066646e-06,6.3160796020429775e-06,3.958476619543481e-06,9.433222406240229e-06,9.117193942897372e-06,6.71118467341041e-07,4.8283933064421235e-06,3.902461362667416e-06,9.204448809847136e-06,1.2610728957384422e-06,2.131528308635125e-06,3.115068087924351e-06,5.059611093992405e-06,1.580524911599688e-05,2.535341813512441e-06,5.641190590346572e-06
2022,4.381985243472964e-06,1.5604767263113844e-05,1.4420769814641175e-05,1.0347614896565695e-05,1.6908487308486906e-05,1.2152236752264538e-05,8.289926927577628e-07,5.967926920237492e-06,4.724189468543158e-06,1.2581473743170622e-05,2.036934346135045e-06,3.059121321667961e-06,5.165993407187167e-06,5.337843830518987e-06,2.3759327971807255e-05,3.5968169987411895e-06,7.825416408401001e-06
2023,4.135892385538824e-06,1.3641643941711626e-05,8.944884382612422e-06,5.759163050210527e-06,1.5683713913905178e-05,1.187403230475647e-05,8.426314713782177e-07,4.546157040588147e-06,4.7174736996032295e-06,1.148801307733036e-05,1.885944653769172e-06,3.382532133558437e-06,4.49837402908577e-06,4.71645708327553e-06,2.7607724831761223e-05,3.071394854113943e-06,7.90004533755854e-06
2024,3.8138205451014044e-06,1.4150661380658638e-05,8.910105392846214e-06,7.290341155804539e-06,1.669064508560326e-05,1.0152470901539595e-05,8.944112116964759e-07,5.160202026973723e-06,5.045991729922123e-06,9.320726898964147e-06,2.087799431172337e-06,3.2950361472234568e-06,4.641670437333594e-06,4.348621137236646e-06,2.891813355564054e-05,2.398925215921139e-06,7.944224834407947e-06
