Years,English,Polish,Russian,Ukrainian,Lithuanian,German,Japanese,Spanish; Castilian,French,Italian,Chinese,Persian,Portuguese,Arabic,Turkish,Indonesian,Dutch; Flemish
2020,8.32808253835019e-06,2.1024963800224807e-05,1.0919529467778362e-05,8.585157917477578e-06,2.4337462586950432e-05,1.1841828512481563e-05,3.56902836956162e-06,8.84535009057211e-06,8.867336559590378e-06,1.211851314235914e-05,6.066031488039961e-06,4.210153153925024e-06,8.915339743300933e-06,3.2696526122052186e-06,8.70747208721678e-06,2.2609380873189515e-06,1.728908505063682e-05
2021,9.243942590799067e-06,2.1712435226751934e-05,1.0890735633163436e-05,8.273855865969533e-06,2.517450631443452e-05,1.282364806294847e-05,4.0250496197211445e-06,9.301606108777549e-06,9.063387461121138e-06,1.4295721583159103e-05,7.691843635217489e-06,4.661194153419651e-06,9.050143912313896e-06,3.5664649628920187e-06,7.715046750573668e-06,3.285111983998248e-06,1.679428727214084e-05
2022,1.0360296208908214e-05,2.5857745532587993e-05,1.0267735439179804e-05,9.659661293319329e-06,3.685915772118467e-05,1.3499547975717166e-05,3.9129620934198404e-06,1.0577960042462387e-05,8.808122663219603e-06,1.5954661843674656e-05,7.554630594988474e-06,5.776795470017817e-06,9.081813722013287e-06,4.679748141918506e-06,7.624611999062785e-06,4.244082039730876e-06,1.9062277249851134e-05
2023,1.0311698461907753e-05,2.8168133088126517e-05,1.1246545124633845e-05,1.2621001282498777e-05,4.022574620187965e-05,1.4863190827296942e-05,4.032561253080019e-06,1.0813939651285207e-05,8.838385066082062e-06,1.5941676361030787e-05,8.847659857206116e-06,5.143609423943788e-06,1.012422940185571e-05,5.234839972287981e-06,6.960672199904971e-06,3.5975037898558713e-06,1.8779223123313483e-05
2024,8.93350948502744e-06,2.3680975573161514e-05,1.082947256001766e-05,1.4012553243689427e-05,3.522295516732585e-05,1.1930507826855058e-05,3.6938770871999158e-06,8.568322391343676e-06,7.446548089671839e-06,1.203286998262852e-05,8.338523545504362e-06,4.468367134697093e-06,8.644013784229079e-06,4.2314248600179e-06,8.698490624701367e-06,3.1302522376812705e-06,1.7772373977781833e-05
