Years,English,Polish,Russian,Ukrainian,Lithuanian,German,Japanese,Spanish; Castilian,French,Italian,Chinese,Persian,Portuguese,Arabic,Turkish,Indonesian,Dutch; Flemish
2020,4.5259370421014666e-06,1.8307438801595465e-05,2.5847403250504523e-05,1.294965994009389e-05,0.00014525662435880198,1.4204522119593384e-05,1.708832399819064e-06,4.046949179031413e-06,6.072568101088194e-06,9.540365648330909e-06,3.6360225122341533e-06,2.253647517774715e-06,4.284750189945263e-06,2.5914886325471464e-06,6.8701155917490185e-06,1.4255836335081785e-06,1.400049073695406e-05
2021,4.953307650730467e-06,2.134833299197559e-05,2.4893484918369016e-05,1.4730650873691008e-05,0.00011369667373030018,1.4546951391386982e-05,1.711850447017185e-06,4.97558444009185e-06,6.287324696609246e-06,1.0172236834752917e-05,3.1834496138869754e-06,2.4312876151552124e-06,5.5530472954088655e-06,2.6898916122957715e-06,6.9147569482386375e-06,1.9229233078748366e-06,1.4306714994220466e-05
2022,6.606300090676213e-06,3.3421069134706705e-05,2.769899018497756e-05,2.174650594404559e-05,0.0001924474947138917,2.0006589190533782e-05,2.2274130131476282e-06,6.9859268528773736e-06,6.66178352509074e-06,1.2275139460819358e-05,4.2263654250299885e-06,3.3265541975362733e-06,6.6217848635699715e-06,4.227600450878864e-06,8.366853303485641e-06,2.8434296544102646e-06,1.9017479133539706e-05
2023,6.469212930000333e-06,4.365161578081954e-05,2.6593357472653913e-05,1.6439119317540423e-05,0.00025133947571034406,2.0472519027262524e-05,1.9184502196553425e-06,7.628544269355526e-06,7.230968264569705e-06,1.0589434570669153e-05,4.2934840901446835e-06,2.828118912511197e-06,7.122979777283195e-06,3.5218326861231625e-06,9.79594017150817e-06,3.0609974443166718e-06,2.343154817465975e-05
2024,5.919603120616422e-06,4.2253088605555344e-05,2.3774710010930532e-05,1.735322998895668e-05,0.00026222818403681794,2.02566548035373e-05,1.994724768901777e-06,7.023622766604814e-06,6.597011815976696e-06,1.0410621383747766e-05,4.077283443809717e-06,2.644781037032648e-06,6.643904115914955e-06,3.930976222057117e-06,1.1093154732972255e-05,2.0580707338028478e-06,2.162847594452814e-05
