Years,English,Polish,Russian,Ukrainian,Lithuanian,German,Japanese,Spanish; Castilian,French,Italian,Chinese,Persian,Portuguese,Arabic,Turkish,Indonesian,Dutch; Flemish
2020,1.84983064357582e-05,7.092169050855125e-05,4.534793302647399e-05,6.697382149817546e-05,0.00018203661469333083,0.00012402134047329892,1.0388745164773129e-05,4.767348393285495e-05,3.6249411908412914e-05,0.00018571833406956365,2.5694300256033444e-05,2.04371870789981e-05,5.207162678865571e-05,3.8250088871357655e-05,5.4598996480226535e-05,2.2312997518982047e-05,4.346374691917032e-05
2021,2.1147669901008485e-05,7.181056624704791e-05,4.183302549897607e-05,6.153764475462689e-05,0.00018926349744364002,4.484617506386849e-05,1.0334982770241107e-05,4.788603655773013e-05,3.824639996003642e-05,0.00017744447288127403,2.3488670537462025e-05,2.2729575242218814e-05,5.812746328483034e-05,3.647845141330848e-05,5.04821542032617e-05,2.7291209406719927e-05,4.955694164711763e-05
2022,2.4710390484343667e-05,7.882779721272826e-05,3.623705053116732e-05,5.0263079308789966e-05,0.00020730544976429175,4.53570469834853e-05,1.1528536150484925e-05,5.702857187509689e-05,3.646869674858357e-05,0.00019322127022915276,2.6137748175256944e-05,2.7605697273691e-05,7.504532722443772e-05,4.678458524476474e-05,6.575269147250628e-05,3.19914189408307e-05,5.6438838959020145e-05
2023,2.4620831700360544e-05,8.3637497688669e-05,4.1669892738609434e-05,5.653104215903814e-05,0.00018585323453208615,4.5274397718904143e-05,1.1629414840716954e-05,6.256715223078226e-05,3.605831836272348e-05,0.00018993975854223415,2.992647422344212e-05,3.584797839325304e-05,9.075367216753182e-05,4.3960868071205595e-05,7.807571128295058e-05,3.813284701181908e-05,5.1214630429010246e-05
2024,2.1359182521459467e-05,7.97237669932789e-05,3.582065759599564e-05,4.778121113003679e-05,0.0001574045271079386,4.2610847235996997e-05,1.0708662244290168e-05,4.92075017271646e-05,3.262468239347941e-05,0.0001649228696766753,2.798078538669168e-05,2.8823873995892265e-05,5.8440726496160285e-05,3.936090241426662e-05,6.957023914747599e-05,2.7756629019586347e-05,4.6261836072076375e-05
