Years,English,Polish,Russian,Ukrainian,Lithuanian,German,Japanese,Spanish; Castilian,French,Italian,Chinese,Persian,Portuguese,Arabic,Turkish,Indonesian,Dutch; Flemish
2020,6.135162635843561e-06,1.6559083673393452e-05,9.174030401861928e-06,8.088128614258948e-06,1.5248941402136132e-05,1.2019879131660364e-05,3.1188958354695313e-06,6.3240599692849394e-06,8.990139198828576e-06,1.0985456929403e-05,7.223003470970712e-06,6.68906894884032e-06,7.125098478174404e-06,1.0200794198694069e-05,1.952619232139962e-05,3.7626475823530203e-06,1.5192917857938947e-05
2021,7.256542707542709e-06,2.0504277811357698e-05,1.0196205082446585e-05,9.549951107370423e-06,1.72930381678283e-05,1.4666284739025716e-05,3.674992777395192e-06,7.109637493541593e-06,9.525967709037417e-06,1.0895077556693672e-05,7.0592041009872476e-06,6.82761730418825e-06,7.648607242882899e-06,1.3472858112787148e-05,2.0293198410672532e-05,4.790316311149169e-06,1.5622069337928246e-05
2022,8.520489009995201e-06,3.109945316194302e-05,1.3833827413661505e-05,1.4534789296571348e-05,3.0203331703132174e-05,1.8589390375427094e-05,5.4311304290970655e-06,9.45807108731555e-06,9.269358437245517e-06,1.6844523435215375e-05,1.0193879080577709e-05,7.962875216794574e-06,1.0250344228659813e-05,1.634609647433547e-05,2.4019841358756694e-05,6.73512083953474e-06,2.213230573586013e-05
2023,7.278035309541914e-06,2.7251886532686004e-05,1.291848526538052e-05,1.2020001221427407e-05,2.722810302075678e-05,1.74146111926455e-05,3.6710082140816366e-06,8.443793913174006e-06,9.410415435469215e-06,1.3463021083259368e-05,9.735660703151241e-06,7.285166375832147e-06,9.236525990622225e-06,1.7419595219873227e-05,3.16275576920159e-05,5.390710399558595e-06,1.9819315822568806e-05
2024,7.086691381815477e-06,2.5098057806333395e-05,1.4581916652897702e-05,1.4412383803475345e-05,2.4991482966662873e-05,1.5865846590376027e-05,3.642584687962842e-06,8.012147282267945e-06,7.991481684224386e-06,1.2744064638119078e-05,1.0499290036841685e-05,7.597249767960122e-06,7.568910587296337e-06,1.252252876289314e-05,3.151205824209842e-05,4.848906693931727e-06,2.0883304523490232e-05
