Years,English,Polish,Russian,Ukrainian,Lithuanian,German,Japanese,Spanish; Castilian,French,Italian,Chinese,Persian,Portuguese,Arabic,Turkish,Indonesian,Dutch; Flemish
2020,3.8114337108623072e-06,9.69821778411917e-06,4.893224008912919e-06,4.439348788277468e-06,6.928571380222451e-06,8.18953084381139e-06,1.008748401591814e-06,3.0410485460441066e-06,3.7956771960157144e-06,7.647725246951197e-06,1.933054567030184e-06,2.2787309233663857e-06,3.4657569721986437e-06,3.2435550428945726e-06,3.11241995163931e-05,2.338078960331854e-06,1.0182175081421134e-05
2021,4.3282357036926315e-06,1.197902842650088e-05,6.202931985802084e-06,6.565661532273707e-06,8.23512376856932e-06,1.0841038056899203e-05,1.1324746594487998e-06,3.6824863086871616e-06,4.699624659968728e-06,8.375289880400834e-06,1.8379416953578926e-06,2.812187940130247e-06,4.146631223278642e-06,3.6136364948944435e-06,3.4323891878013476e-05,2.839073072377796e-06,1.2933644356361402e-05
2022,5.00301082618873e-06,1.3798699013083362e-05,5.8964530463700775e-06,5.916967204876142e-06,1.2698173122824908e-05,9.975997919975922e-06,1.351953427114242e-06,4.7321021064710916e-06,4.951330140333644e-06,1.072503532720236e-05,2.242948800203134e-06,3.899858313694338e-06,6.032143966742872e-06,4.295989254622975e-06,5.7908766500488496e-05,2.520202180874739e-06,1.4145344605002763e-05
2023,5.3334211964547905e-06,2.0050883922547037e-05,6.035354834919962e-06,7.960304730464915e-06,1.7177789731835762e-05,1.1273655849592408e-05,1.171619478670409e-06,5.214128980768992e-06,4.481210254451542e-06,1.1345873015979096e-05,2.499088095016997e-06,3.23849340456087e-06,5.197055420577109e-06,4.236332505885671e-06,4.078844548034848e-05,2.069777710310141e-06,1.7259509284744112e-05
2024,4.932135816495344e-06,1.4817135897436329e-05,5.98096282612485e-06,8.573495677355937e-06,1.8879290443310295e-05,1.088173901239386e-05,1.2113249641255395e-06,5.199951118024599e-06,4.552044674196587e-06,8.618954440183274e-06,2.4991670755764256e-06,2.9189685230331886e-06,5.325247741672457e-06,4.590684720728455e-06,3.8268642521983366e-05,2.170250689943045e-06,1.6536827094379915e-05
