Years,English,Polish,Russian,Ukrainian,Lithuanian,German,Japanese,Spanish; Castilian,French,Italian,Chinese,Persian,Portuguese,Arabic,Turkish,Indonesian,Dutch; Flemish
2020,4.966013922851186e-06,1.2690785865771769e-05,1.034339865824536e-05,1.1851517550159078e-05,1.6275678105023104e-05,7.834315870357615e-06,1.8041218142987442e-06,6.44404400365669e-06,5.897663977136709e-06,1.0062138842778216e-05,3.403688152539299e-06,5.916307107343082e-06,6.1455369845586675e-06,8.077197701644932e-06,1.5690894046698725e-05,2.7806239686690313e-06,9.294503962546698e-06
2021,5.455595400140409e-06,1.3760273673102803e-05,1.103688884308031e-05,1.321213120648309e-05,2.062750546062324e-05,7.644724984910972e-06,1.956044542807118e-06,7.0861393244307465e-06,6.298717726087958e-06,1.2620786696175903e-05,3.389552077267081e-06,6.879328937711351e-06,6.864745550436442e-06,8.348246876271715e-06,1.524219937364259e-05,4.45260113520797e-06,1.0200200665356556e-05
2022,6.7724781618828606e-06,1.719654379067017e-05,1.263098947422018e-05,1.5379396258032934e-05,2.7589743456144388e-05,1.0590704867437506e-05,2.569252792531919e-06,8.770864252989513e-06,6.466610799700396e-06,1.8111641400837966e-05,4.45693281217137e-06,7.948154141058703e-06,9.576036946647284e-06,1.2345156058722805e-05,2.1644795955108157e-05,4.18170480799595e-06,1.3207977959153013e-05
2023,7.5733109966359376e-06,2.2256828811838945e-05,1.3939130786311495e-05,2.0157070675736843e-05,3.0224419005349803e-05,1.1681842063682758e-05,2.404490083458558e-06,1.1916366443966402e-05,8.042357233411843e-06,2.04241898552035e-05,5.063930538388502e-06,7.8616610058059e-06,9.589717134918198e-06,1.5801372039079702e-05,2.1662161940001373e-05,4.054296660282657e-06,1.5761720983971954e-05
2024,6.772824518434756e-06,2.0489341936096963e-05,1.2809044419206449e-05,1.9024541185336744e-05,3.0738901263730946e-05,1.0192899631348756e-05,2.0773421691014923e-06,1.1302269036031374e-05,7.140748543420628e-06,1.8678236604314174e-05,4.761689119798914e-06,7.774685310646258e-06,7.6043107584169406e-06,1.074966871478412e-05,1.8620842078740587e-05,3.3718706047524646e-06,1.5734006308390654e-05
