Years,English,Polish,Russian,Ukrainian,Lithuanian,German,Japanese,Spanish; Castilian,French,Italian,Chinese,Persian,Portuguese,Arabic,Turkish,Indonesian,Dutch; Flemish
2020,1.1324422401947015e-05,2.5599184825447942e-05,1.770360712151095e-05,1.685338656160869e-05,4.9427865422684646e-05,2.1527463140442947e-05,5.9267083824377065e-06,1.5229993131399436e-05,1.6830124116835885e-05,2.429890417622879e-05,1.3736539134676222e-05,1.996832034370764e-05,1.7687450684310328e-05,1.2500362877380704e-05,2.1359473048243894e-05,6.037288324746632e-06,3.226257858705625e-05
2021,1.4840554905637079e-05,2.5230792115740463e-05,1.7167854503833547e-05,2.2650971118691957e-05,6.126181467801611e-05,1.9912806012477903e-05,6.546953950360594e-06,1.4482996074613466e-05,1.7867874140108686e-05,2.0230770116182245e-05,1.3343070363544571e-05,1.9851801815669026e-05,1.8289436435144898e-05,1.2397570040763362e-05,1.916393572516421e-05,1.0411114595839275e-05,3.030971187354719e-05
2022,1.9657468495975984e-05,3.286662599659292e-05,1.7737644909531132e-05,2.049894124789786e-05,9.74591090042359e-05,2.3064829686769586e-05,5.588768115424584e-06,1.6155246428835834e-05,2.0035041102483668e-05,2.223653345379364e-05,1.3060434016884529e-05,2.270766824135056e-05,2.3374305887839387e-05,1.3555442488411458e-05,2.4272114662907245e-05,1.7105133091986535e-05,3.2318447122005834e-05
2023,1.2647171989949007e-05,4.1682302498869065e-05,1.83107862000133e-05,2.222690141827816e-05,7.974935841281925e-05,2.7000317514388167e-05,5.1316536251250044e-06,1.853044809236445e-05,1.5838592382039275e-05,1.7784043765154286e-05,1.3157001105314104e-05,1.7400150234092913e-05,2.3945589493556872e-05,1.826196741451846e-05,2.3389201242925606e-05,1.1417742278710195e-05,3.197291549278679e-05
2024,1.024128990342194e-05,3.3188027129825724e-05,1.532989142938947e-05,2.046042903507887e-05,7.366659984477344e-05,2.2606691046766532e-05,5.3666504573189875e-06,1.5392471316208888e-05,1.2068011056168112e-05,1.6318882308991234e-05,1.2016208225581762e-05,1.3071084977878649e-05,1.7561670891220426e-05,1.2664868968678817e-05,1.8749359256387818e-05,6.159111053466593e-06,2.6916559667843944e-05
