Years,English,Polish,Russian,Ukrainian,Lithuanian,German,Japanese,Spanish; Castilian,French,Italian,Chinese,Persian,Portuguese,Arabic,Turkish,Indonesian,Dutch; Flemish
2020,9.840099968191226e-07,3.0770056872759904e-06,1.3216691668034386e-05,5.517610006083533e-06,7.11110234962458e-06,2.166385930914189e-06,4.321741444401494e-07,7.554413494157332e-07,8.902070882732569e-07,1.3879166972298377e-06,1.1336772450193932e-06,1.3959879958133615e-06,9.17329410364688e-07,2.0184605749691054e-06,6.1014256293594455e-06,7.023879490122174e-07,1.7022007972423664e-06
2021,1.124493270521281e-06,3.7526544054845365e-06,1.7565031907854883e-05,6.6980970982238434e-06,9.05791439925898e-06,2.3143819491445676e-06,5.105876548334968e-07,9.06644971009205e-07,9.124886569225615e-07,1.3715202629586843e-06,9.023019409656649e-07,1.4567545541263723e-06,9.0613378361533e-07,1.4812603907533191e-06,5.563437566588342e-06,8.708378750685011e-07,1.6339482874228715e-06
2022,1.7897805551001412e-06,6.580663956937562e-06,2.0899858940909742e-05,1.1083696941191435e-05,1.2244366803412237e-05,4.079409625302816e-06,8.589713335807456e-07,1.4798638608777207e-06,1.373724349342262e-06,2.8477677526087126e-06,1.7244599088194796e-06,2.104295992688588e-06,1.6160528283409387e-06,1.9895279992072747e-06,7.39896050087787e-06,1.2961502698166449e-06,3.408729395696923e-06
2023,1.4025321915699635e-06,5.713176706159673e-06,2.295845942174334e-05,1.1174897494094556e-05,1.1495403014460433e-05,3.0241488440600306e-06,6.171118612245355e-07,1.4048395660581493e-06,1.1812025904138725e-06,1.9924236817628883e-06,1.3045155284479586e-06,1.948939123252461e-06,1.2892001827968946e-06,1.6502774418827268e-06,7.332608250409343e-06,9.447779702453858e-07,2.7694694930105478e-06
2024,1.6620619971177658e-06,5.451210998193338e-06,2.475102785793078e-05,1.096956056483213e-05,1.4012668448734079e-05,3.2783460545506006e-06,6.940960739616891e-07,1.5714418142678544e-06,1.1707754056474905e-06,2.3559115696020965e-06,1.4560821286521492e-06,2.393499488141878e-06,1.377420658302701e-06,1.9156264221754924e-06,7.735201320684964e-06,9.262037404395765e-07,3.504512012598524e-06
