Years,English,Polish,Russian,Ukrainian,Lithuanian,German,Japanese,Spanish; Castilian,French,Italian,Chinese,Persian,Portuguese,Arabic,Turkish,Indonesian,Dutch; Flemish
2020,5.028900225217807e-06,1.75710932113797e-05,2.3774804543760914e-05,1.8043917927906493e-05,7.915759706405629e-05,1.5113918537410047e-05,1.9054217918456042e-06,4.0654935094669484e-06,6.684788558020237e-06,7.74017463830538e-06,4.399640368152948e-06,3.574385296813065e-06,4.241520269518962e-06,3.220067230514991e-06,6.197613768873729e-06,1.1906084742649294e-06,1.2147574244122526e-05
2021,5.7833571537277126e-06,2.1085802949253608e-05,2.409721235411887e-05,5.164538137933451e-05,6.765648572004278e-05,1.4863220815000514e-05,1.7252909383748252e-06,4.897752214523953e-06,6.719678539786084e-06,9.145366043302809e-06,3.563407216444858e-06,3.5390937479468405e-06,5.199147087870791e-06,3.387807428300156e-06,6.762290669691016e-06,1.683619891799102e-06,1.427901117302785e-05
2022,7.0664366610187335e-06,2.963243551390932e-05,2.6168230476396954e-05,4.3431671717705694e-05,0.00015800863736290796,2.1025428733212326e-05,2.467158865729205e-06,6.072190055890241e-06,7.443035267817028e-06,1.1940366121883049e-05,4.769790889066205e-06,3.7841343016595788e-06,7.230912468098479e-06,3.8457955294045945e-06,9.057752553546197e-06,2.5072406781765724e-06,1.900594022479282e-05
2023,6.829569922766312e-06,3.212918918826837e-05,2.471938081492716e-05,3.09674961439996e-05,0.00016106627178215586,2.0241747082695103e-05,1.8736169211567905e-06,5.798736183041741e-06,6.620191148719054e-06,1.0562167603454491e-05,4.812118869931206e-06,3.665853595784784e-06,7.55633025958093e-06,3.847200669652255e-06,9.823009753058706e-06,2.4731972104442677e-06,1.9690503288010174e-05
2024,6.496105541554346e-06,3.381844456105349e-05,2.3529543651286906e-05,2.0974079973198006e-05,0.00010520622501986062,2.0497055818387175e-05,2.003151377347868e-06,6.6889812042498e-06,7.021899639535128e-06,1.1964921448664455e-05,4.745031627155791e-06,3.253668708562527e-06,6.6099199516391745e-06,4.145338867297222e-06,8.329445885218951e-06,2.0048571648645493e-06,2.183416318491014e-05
