Years,English,Polish,Russian,Ukrainian,Lithuanian,German,Japanese,Spanish; Castilian,French,Italian,Chinese,Persian,Portuguese,Arabic,Turkish,Indonesian,Dutch; Flemish
2020,5.817444198747661e-06,1.2024908424366704e-05,2.5770682574050604e-05,1.510618237570602e-05,1.905927538840556e-05,8.250328616213907e-06,2.0447642356347367e-06,4.0921648373045115e-06,5.583486422005404e-06,7.315407164515883e-06,3.898599163252524e-06,1.4601436293459038e-05,5.471672785386057e-06,7.90495374419467e-06,1.7555150615081497e-05,1.923446767887503e-06,9.056794280900547e-06
2021,7.317333418956391e-06,1.3600289357822286e-05,2.8989711242993635e-05,2.078228283642944e-05,2.2677264575674676e-05,9.106107838849364e-06,2.6720149869259022e-06,5.564348974690756e-06,6.134797608077917e-06,7.565979067840515e-06,3.993371539142585e-06,1.6662917748411152e-05,4.772629887220686e-06,1.3602858397833201e-05,1.999269433469693e-05,2.520473849791759e-06,9.58494496970386e-06
2022,9.392398442395779e-06,1.9798867242359766e-05,4.259767001577702e-05,1.8520956676698434e-05,3.406908923886974e-05,1.3589895413043865e-05,3.2554305713690826e-06,6.980288334156115e-06,7.22565323229606e-06,1.4227428030463144e-05,5.427540947724936e-06,2.9924675620861032e-05,6.7608796392317485e-06,1.6075276811508788e-05,2.697739723103427e-05,4.171983680972325e-06,1.5419375882526286e-05
2023,9.371576870553764e-06,2.170057631306478e-05,4.32525738498562e-05,1.811754245728316e-05,3.693551366293963e-05,1.3193300820231491e-05,2.752151114471474e-06,8.775432255587706e-06,6.640940146085602e-06,1.3579477420653597e-05,5.400525144756274e-06,3.0252209657290946e-05,8.121646114920866e-06,1.4446821005955408e-05,3.5547233100533596e-05,4.375230042691765e-06,1.63523401583844e-05
2024,8.667628950325945e-06,2.2069262620139487e-05,3.699866588689701e-05,2.069487955797037e-05,3.556993552891355e-05,1.3512501601996174e-05,3.005826188862596e-06,9.211279547373413e-06,7.746363300379972e-06,1.2470458541357105e-05,6.343064562679774e-06,2.8432763666734387e-05,7.746619446321768e-06,1.1682977249726128e-05,3.067846517240491e-05,3.5725001416955094e-06,2.142990590969569e-05
