Years,English,Polish,Russian,Ukrainian,Lithuanian,German,Japanese,Spanish; Castilian,French,Italian,Chinese,Persian,Portuguese,Arabic,Turkish,Indonesian,Dutch; Flemish
2020,3.4348793115623303e-06,8.232356115907183e-06,4.03716640691292e-06,3.875659084391867e-06,8.81472473071111e-06,6.249940101786475e-06,7.748495388189991e-07,2.4391335657321284e-06,3.0756682911391945e-06,9.208047565895594e-06,1.7990076541367586e-06,3.2415477995389735e-06,2.6641032280296067e-06,3.2006804647413685e-06,8.813442071427431e-06,1.2971846804011761e-06,5.411358393837549e-06
2021,3.939480902743894e-06,1.4169807559277265e-05,5.533332265782378e-06,6.0089832211612696e-06,1.2248032458599594e-05,7.340983760180962e-06,1.0493399348153068e-06,3.1007974309580644e-06,3.937221728117772e-06,1.0839072017573529e-05,1.6852732039652214e-06,3.390685563933389e-06,2.875403308285833e-06,6.057270424374405e-06,1.0916838600073736e-05,2.043283014185117e-06,6.9328812534523256e-06
2022,4.869952887589496e-06,1.5268285226283703e-05,6.014281321059409e-06,5.156349092096211e-06,2.0118746827295054e-05,1.0393500315335397e-05,1.1690837180940463e-06,4.763855869796075e-06,4.7296857119593226e-06,1.7092575206540495e-05,2.205927580803561e-06,5.13029489395084e-06,5.130379768974248e-06,6.648173310256168e-06,1.4113360276925096e-05,2.913097731412909e-06,2.315926861433274e-05
2023,4.751776835553502e-06,2.455024889247034e-05,5.945447658940285e-06,6.563863412093201e-06,1.7504363681110204e-05,1.1114608933594409e-05,1.0343231400088473e-06,5.1231943413726895e-06,4.652819365267687e-06,1.6979228442528008e-05,2.359122247394218e-06,5.113035165430153e-06,6.36409137209621e-06,6.391206057817754e-06,2.079322837222915e-05,2.6839180490022992e-06,1.583571967403755e-05
2024,4.624988350231591e-06,2.3559234445605842e-05,6.4684601596028045e-06,9.771041709220814e-06,2.5365154125295783e-05,1.0555310623627815e-05,1.2242396575048742e-06,5.587868949013246e-06,5.0437176824157535e-06,1.5828746883997105e-05,3.1446449154974543e-06,5.076229167251908e-06,5.839966229766038e-06,5.756681136984772e-06,1.948155345197434e-05,2.442071352898138e-06,1.9526765145745962e-05
