Years,English,Polish,Russian,Ukrainian,Lithuanian,German,Japanese,Spanish; Castilian,French,Italian,Chinese,Persian,Portuguese,Arabic,Turkish,Indonesian,Dutch; Flemish
2020,2.177980297037979e-06,5.9432277928671145e-06,2.3649666899869183e-06,2.1600308777524983e-06,6.05394381850392e-06,2.9852947020501364e-06,4.5958817599045733e-07,1.5165715970128855e-06,1.4237711102187887e-06,3.2404320050647284e-06,7.023159140468014e-07,8.552476560390774e-07,1.4213617792911168e-06,7.482545943780928e-07,1.9392507110549257e-06,5.699289499571678e-07,5.010188674695794e-06
2021,2.128956360481302e-06,6.624583797436988e-06,2.1135692097094727e-06,1.8597095998252193e-06,5.340921637810076e-06,2.9915356053453285e-06,4.976757221247526e-07,1.7017391540832761e-06,1.4291276671613006e-06,3.1267707857130786e-06,5.388574609461731e-07,8.807794490316739e-07,1.5263919737935777e-06,7.707159756301747e-07,2.394543005405603e-06,7.993300495547461e-07,4.8239278651643806e-06
2022,2.156365453806452e-06,7.772478194259587e-06,2.0361568805762136e-06,1.6920450077101952e-06,7.0339979508963916e-06,3.3097345398257054e-06,4.916497094969193e-07,1.679981814791867e-06,1.904728764283576e-06,2.946602251728347e-06,6.934285395308586e-07,9.724088361083292e-07,1.568679969963377e-06,8.988242777797548e-07,8.748432522326424e-06,7.947021341813304e-07,6.030776718591629e-06
2023,2.523712051784959e-06,2.3405594892976724e-05,2.6847153115661425e-06,2.60938401865721e-06,6.098768502700244e-06,3.883720466844059e-06,6.207201749869945e-07,1.9766066822622945e-06,2.1449419321849734e-06,3.1415064549639466e-06,7.789035991575818e-07,1.055491346687362e-06,1.986131370401732e-06,9.67142544261264e-07,2.389702659281367e-06,7.798057347953478e-07,7.08057836238768e-06
2024,2.334580778810025e-06,6.351862715746902e-06,2.476993042999274e-06,2.691803306393269e-06,1.0427204712327836e-05,3.467358121279879e-06,6.03510033166214e-07,1.648754836913929e-06,1.718701167971577e-06,2.9573013942067233e-06,8.660085577397698e-07,9.182887623409633e-07,1.5374294317678307e-06,8.949533896704191e-07,1.8900278510872641e-06,6.551021797674334e-07,5.55070860809421e-06
