Years,English,Polish,Russian,Ukrainian,Lithuanian,German,Japanese,Spanish; Castilian,French,Italian,Chinese,Persian,Portuguese,Arabic,Turkish,Indonesian,Dutch; Flemish
2020,1.5199272564411877e-06,7.699343730409514e-06,3.435012773339467e-06,3.758711013046307e-06,6.928571380222451e-06,7.716442638148654e-06,8.389133451691841e-07,1.936367953724885e-06,3.10625690474506e-06,4.208284536173326e-06,1.1994746626286658e-06,2.743738673181203e-06,2.254606619156297e-06,1.2970491947391055e-06,3.076390157007688e-06,1.0485068660832669e-06,5.263413207358476e-06
2021,1.7267237372350404e-06,7.327800858720712e-06,3.460035936429834e-06,4.0224497319092245e-06,8.437212695405377e-06,9.531976469961915e-06,9.10706552047738e-07,2.5385010942795546e-06,3.5678783132823815e-06,4.7049268702057e-06,1.1428327069965672e-06,2.7987345070185457e-06,2.6940043373498533e-06,2.4120624316830626e-06,3.0303463661539866e-06,1.3197087797786065e-06,6.81225419867614e-06
2022,2.148939984745585e-06,9.282427574364309e-06,3.8362907163626e-06,6.454873314410338e-06,1.1773752842539838e-05,9.021373932527341e-06,9.57567752287445e-07,2.922830046614573e-06,3.3127765929186226e-06,5.897593246756856e-06,1.4374975035253817e-06,3.1826147903410963e-06,3.6067208133555045e-06,2.0254809703184646e-06,8.763644982878217e-06,1.903720708793197e-06,9.773455708610116e-06
2023,1.9812148339427715e-06,9.225642081483646e-06,4.328137007202889e-06,6.273464222920061e-06,1.0989213393085045e-05,9.758913543810168e-06,1.039194363588167e-06,3.081141548775649e-06,3.627176937430642e-06,5.7137490008527825e-06,1.839007466197787e-06,2.3973615814524346e-06,4.728700860549348e-06,1.7009438545721089e-06,4.515747594260509e-06,1.8666816389367748e-06,7.476608388849851e-06
2024,1.892236857383079e-06,8.781257318497931e-06,4.260923281346775e-06,6.93428766460832e-06,1.0845360532702756e-05,8.09536200242636e-06,9.780361411669196e-07,2.864848101603931e-06,3.1703812840110792e-06,4.767269142918871e-06,1.8565861908976794e-06,1.849227072041054e-06,3.3308021007376284e-06,1.6428787224664122e-06,3.930385428321519e-06,1.6244520571840087e-06,6.521495445052859e-06
