Years,English,Polish,Russian,Ukrainian,Lithuanian,German,Japanese,Spanish; Castilian,French,Italian,Chinese,Persian,Portuguese,Arabic,Turkish,Indonesian,Dutch; Flemish
2020,2.8574619697512667e-06,9.91893520175973e-06,3.3851443336444203e-06,3.1599368877570383e-06,1.79336677437591e-05,5.793690929296447e-06,1.3256223545115504e-06,2.9079135522399845e-06,4.365432141751335e-06,5.732450177417995e-06,1.5515521487801463e-06,1.0568796471413528e-06,3.0170684024992923e-06,2.2194118586610795e-06,3.5019004012996895e-06,1.1170201414565683e-06,7.084745896334928e-06
2021,2.8807355743562344e-06,1.1526334471498206e-05,3.7003610695873435e-06,3.4186333380009764e-06,2.163073263313081e-05,6.87158189122135e-06,1.4897047977240546e-06,3.797181833008877e-06,5.420059391393001e-06,7.042850405729281e-06,1.2637212267115803e-06,1.1683465817942825e-06,3.3587511991975264e-06,1.9566900046360294e-06,2.936715622481588e-06,1.414580548282004e-06,9.269236840696332e-06
2022,3.5624005394002077e-06,1.472595103824123e-05,3.566641717598446e-06,3.9578565322568646e-06,3.1539539199180596e-05,7.631725008623412e-06,1.455629559960391e-06,5.23719467823858e-06,5.490747172748679e-06,1.1693543198681973e-05,1.930666182677204e-06,1.5612518655431459e-06,4.104975770617378e-06,2.9340750772045213e-06,3.5273892904467872e-06,1.9490859682367796e-06,1.0806527421125192e-05
2023,4.145389556761146e-06,1.849390028182499e-05,4.188970698760609e-06,5.914042617769535e-06,3.540061610134974e-05,1.0400026531652428e-05,1.6785875622958863e-06,5.949463462041091e-06,6.593939654813311e-06,1.4152083732161473e-05,2.2893507523556722e-06,1.6384405423473277e-06,5.741018788501729e-06,2.8173282811088993e-06,4.2109441060014665e-06,2.1765244508954597e-06,1.2514685870815848e-05
2024,3.978134387771459e-06,2.1806007124565285e-05,4.065092634784866e-06,5.973137803127818e-06,3.7536157577910526e-05,8.11966059962624e-06,1.4064192683665527e-06,5.689114670459586e-06,5.885953066748343e-06,1.0603595220205714e-05,2.3666313732420097e-06,1.6410223601029874e-06,4.7574289968979685e-06,2.5109835104467187e-06,3.884402217970675e-06,1.9523626982092003e-06,1.4468567161680626e-05
