Years,English,Polish,Russian,Ukrainian,Lithuanian,German,Japanese,Spanish; Castilian,French,Italian,Chinese,Persian,Portuguese,Arabic,Turkish,Indonesian,Dutch; Flemish
2020,2.104575833830406e-05,7.624808917504454e-05,5.6942086064097815e-05,5.701920166524136e-05,0.00016096189318444342,3.65548822232395e-05,2.6564856268194833e-05,4.760366563699208e-05,3.785682674647058e-05,6.329990718833638e-05,5.458631413991629e-05,6.395400154143991e-05,6.115679836220283e-05,9.764032735159472e-05,8.703233287848353e-05,5.9560366552113314e-05,5.574208919328933e-05
2021,1.8985316868262012e-05,7.009422335958617e-05,4.7232013895698114e-05,5.3822711870379126e-05,0.0001411230280866222,3.3186838318742655e-05,2.699583095884747e-05,4.024231800120075e-05,3.442961882926503e-05,6.190735359698568e-05,4.31207480413353e-05,5.786826085084283e-05,5.1656227210902174e-05,9.430072105486389e-05,7.617620165941577e-05,5.721050840063845e-05,5.5266814627504236e-05
2022,2.246875339205286e-05,8.535488823904728e-05,5.862992015330774e-05,7.388470707677318e-05,0.0001790013815461089,3.515649719293394e-05,2.710418881207254e-05,4.6201033188183e-05,3.472616324919335e-05,6.14329265167309e-05,4.9350820017947635e-05,6.60048054931681e-05,5.989844371922056e-05,7.91993150468167e-05,7.957384573633237e-05,6.74540903230141e-05,6.818001798864288e-05
2023,2.313421293182332e-05,8.444869924938133e-05,5.857901587994061e-05,7.834212560789158e-05,0.00018462041787357513,3.7070552569900226e-05,2.5820100997871304e-05,4.886208514022917e-05,3.881151543317864e-05,6.257628243030632e-05,5.911611917352263e-05,6.911888650779018e-05,6.936583063370801e-05,6.448042054093121e-05,7.13976455144332e-05,6.686296976363915e-05,6.363613276418793e-05
2024,2.1524774688459093e-05,7.52806035480943e-05,4.9304523837814076e-05,7.070288424360319e-05,0.00017478913291671727,3.28139630398633e-05,2.6289369667541822e-05,4.1247069885347665e-05,3.186144023831543e-05,5.176609231127462e-05,5.531500657524647e-05,6.477457134984846e-05,5.183965658730126e-05,7.157751976927853e-05,7.13688901061994e-05,0.00010509464134629098,5.4662985502765446e-05
