Years,English,Polish,Russian,Ukrainian,Lithuanian,German,Japanese,Spanish; Castilian,French,Italian,Chinese,Persian,Portuguese,Arabic,Turkish,Indonesian,Dutch; Flemish
2020,1.3614550468354703e-05,4.8252676857659213e-05,2.6565052605118064e-05,4.3827459217462165e-05,5.482013447710585e-05,7.916534665485626e-05,9.577465749803052e-06,1.9488835297240075e-05,2.0495827716577593e-05,2.707635433269943e-05,1.8075286240569657e-05,2.568299545994845e-05,2.006010824001537e-05,2.1674404134910215e-05,4.0788662076404534e-05,8.713873615996946e-06,3.5251957916848746e-05
2021,1.3645244053402374e-05,4.6632994065802394e-05,2.331496969054445e-05,4.7525288475919676e-05,6.152886075990661e-05,6.688453873296593e-05,9.176684245374819e-06,1.7828384113416773e-05,1.9660648707366024e-05,2.5742084432895288e-05,1.505981197083767e-05,3.5223610405141625e-05,1.8640753429489263e-05,2.5516827378225242e-05,3.5752393359177505e-05,9.955871706677448e-06,3.5511681465402486e-05
2022,1.7542826556503765e-05,5.759713835890589e-05,2.7152728774637128e-05,7.509546767068962e-05,8.924017233042865e-05,7.10031596750429e-05,9.909189902030134e-06,2.5206651718553234e-05,2.0592629388641945e-05,3.355527797464183e-05,1.989401402263469e-05,3.670168640337716e-05,2.45925610968964e-05,3.766190961846448e-05,4.89606704334198e-05,1.2407398457819833e-05,4.203081449019127e-05
2023,1.908074593795165e-05,7.61998634711886e-05,2.921798034630985e-05,7.56721365410591e-05,0.00011595008068989139,7.913907751685244e-05,1.0067195397260367e-05,2.985770372178031e-05,2.4616679256879323e-05,3.382405712407537e-05,2.622033926425828e-05,2.66145523221354e-05,2.8321099209810247e-05,4.048797845040143e-05,5.7159045618850975e-05,1.2675135703526871e-05,4.811559269598533e-05
2024,1.6862245121164244e-05,6.59988118484678e-05,2.505658793531237e-05,6.898876880237986e-05,0.00011728825914899133,7.427347036172982e-05,1.0604978322975224e-05,2.897250894675247e-05,2.2031690361968797e-05,3.085660704767108e-05,2.5340210683351348e-05,2.2522006253438436e-05,2.3798473039248436e-05,3.0284370369885392e-05,4.77641754594327e-05,1.1316512626783863e-05,4.410461107000771e-05
