Years,English,Polish,Russian,Ukrainian,Lithuanian,German,Japanese,Spanish; Castilian,French,Italian,Chinese,Persian,Portuguese,Arabic,Turkish,Indonesian,Dutch; Flemish
2020,4.91803541699906e-06,4.664463716233136e-05,2.5288586431468553e-05,2.164825748677666e-05,0.0008383191097216245,1.1770484187723507e-05,1.4888604514702024e-06,3.2548624595119927e-06,7.169500435159332e-06,6.46219775782106e-06,3.443330074949855e-06,1.8470069232789778e-06,3.0408211060302267e-06,3.0869696270306968e-06,4.890922348183924e-06,8.658047984211293e-07,1.0746804838058495e-05
2021,8.418164624476599e-06,4.164167813612774e-05,2.3701548968156068e-05,2.3214383441632366e-05,0.0008792383984319747,1.180120282456947e-05,1.7888689929991676e-06,4.2412011400365084e-06,6.594703981728783e-06,7.934323190515305e-06,5.463351013409162e-06,2.3644408693814483e-06,4.461496209222898e-06,3.648179427778109e-06,4.789718650971155e-06,1.2758128868889747e-06,1.1999217554052101e-05
2022,6.909566409505801e-06,6.342080946744587e-05,3.009715290793134e-05,3.0266183763124026e-05,0.0014263300695554829,1.4674064660964248e-05,2.2461496636619925e-06,5.166960497675533e-06,7.140629711694979e-06,9.771975832139317e-06,4.905407480338215e-06,2.454739378956392e-06,4.990949015593481e-06,5.084219066919395e-06,6.683341002420651e-06,1.9069610844677388e-06,1.637914158653175e-05
2023,6.95680360213372e-06,6.91532508355078e-05,3.0689458040098746e-05,3.548004702271615e-05,0.001449694418224185,1.607892493100294e-05,2.1473075200392993e-06,5.545096572417914e-06,7.438687508924318e-06,1.0457497632533698e-05,4.817827446797996e-06,2.4472995370247043e-06,5.636706636866248e-06,4.5661811925777705e-06,8.764047722801716e-06,2.1037425823145605e-06,1.6599002458603052e-05
2024,5.94416442910251e-06,6.035413326221625e-05,2.7585468538621723e-05,3.173059213756027e-05,0.001258132997252307,1.5246077264350157e-05,2.1332142468418766e-06,5.4082696527990815e-06,7.0315942631149125e-06,9.389219021199925e-06,4.315376952784795e-06,2.3534995681143678e-06,4.978680066401743e-06,3.819320132488712e-06,6.1027973532299934e-06,2.7067009930237313e-06,1.6024388294812303e-05
