Years,English,Polish,Russian,Ukrainian,Lithuanian,German,Japanese,Spanish; Castilian,French,Italian,Chinese,Persian,Portuguese,Arabic,Turkish,Indonesian,Dutch; Flemish
2020,4.470228960389407e-06,1.5156860641772621e-05,6.879771146120378e-06,7.172425215623211e-06,1.664074004382736e-05,1.2906764420919826e-05,1.4114561270928623e-06,3.5978956316721145e-06,5.065496822372017e-06,1.0047441006314912e-05,3.2193736473108398e-06,3.09104736598895e-06,3.683331736542003e-06,2.6690356956416374e-06,7.390183668105909e-06,1.4321812081737555e-06,1.0160565110362394e-05
2021,5.234104982667186e-06,1.6716900643733174e-05,7.612381863757341e-06,8.037043116685814e-06,2.0425416533787183e-05,1.2869795097684898e-05,1.4405488433767305e-06,4.46989335837181e-06,5.319730978738628e-06,9.475706407288931e-06,2.72170531951159e-06,2.9088844906205974e-06,4.955176952909425e-06,3.182406977927392e-06,8.168017105096894e-06,1.7579597104025106e-06,1.1480348069632052e-05
2022,6.780504135440096e-06,2.079436971337413e-05,9.386039103771224e-06,1.0921381413402168e-05,3.137986660531317e-05,1.667335621409396e-05,2.6915823018901463e-06,7.365587113442126e-06,6.494428521480169e-06,1.4447216294935226e-05,4.518123325064964e-06,5.24111188074031e-06,9.411743842061271e-06,5.783348037766344e-06,1.1375751230125514e-05,3.233894923192529e-06,1.7106092837585396e-05
2023,6.1755437839531235e-06,2.1481888334716066e-05,8.171182670474237e-06,1.2215284154436593e-05,3.274720276349489e-05,1.649460174178223e-05,1.8035254263210262e-06,6.697446386306141e-06,6.156032638569038e-06,1.2628827802408262e-05,4.888867514473606e-06,3.867303987991287e-06,5.926540400470872e-06,4.173947331077657e-06,1.2924642407119184e-05,2.7962100748128293e-06,1.9221159744538572e-05
2024,5.5873589792670166e-06,1.9646846808140056e-05,7.491845411037334e-06,1.3766428835840677e-05,2.913745344101848e-05,1.453604123468388e-05,1.8198726436453948e-06,6.841630200510623e-06,5.496731883026646e-06,1.2206637033485959e-05,4.839363732232609e-06,3.6536679088376304e-06,5.849170274257396e-06,3.493727565960998e-06,1.2157842911095649e-05,2.245037327369843e-06,1.6919732752945718e-05
