Years,English,Polish,Russian,Ukrainian,Lithuanian,German,Japanese,Spanish; Castilian,French,Italian,Chinese,Persian,Portuguese,Arabic,Turkish,Indonesian,Dutch; Flemish
2020,1.371911710365054e-05,3.288875782268511e-05,2.4957754433408485e-05,2.529703731275814e-05,6.517876699067662e-05,1.816789876950676e-05,1.5325763028514958e-05,1.991203021650201e-05,1.9449316174164476e-05,2.3927930783894986e-05,8.074630481437065e-05,2.0988057255645943e-05,1.9206436075113586e-05,1.8646340450037835e-05,2.3338666291808987e-05,1.6680698777553154e-05,2.704848044185746e-05
2021,1.4793972674110027e-05,2.8477208119931687e-05,2.2031385180521748e-05,2.2685763513136484e-05,5.8836747555983435e-05,1.536479942497752e-05,1.3473639535763727e-05,1.8021435986037484e-05,1.5803991973419142e-05,1.74378785059931e-05,7.248030099371999e-05,2.038111032465751e-05,1.8732313986021824e-05,1.548489109591421e-05,2.129403514371128e-05,2.0352118338796042e-05,2.287469886097869e-05
2022,1.7753984724121107e-05,4.334380331132684e-05,3.109145495842016e-05,2.6507446860887715e-05,8.873594308663679e-05,2.101742711039976e-05,1.8883129484385486e-05,2.1810285020734007e-05,1.7709457128048044e-05,2.0163817767993425e-05,8.615432395628462e-05,2.200514579373319e-05,2.1934641361968092e-05,1.9011305854534568e-05,2.932075000853324e-05,2.331774335400144e-05,3.7092840305863293e-05
2023,1.5191397494420155e-05,3.243572618356058e-05,2.881927766889637e-05,2.6242827596669628e-05,7.216467844092029e-05,1.5416776705883528e-05,1.284316138256407e-05,2.275004533204364e-05,1.365295490253317e-05,1.8113710194575408e-05,0.00011917690210411259,2.3058086629032732e-05,2.297107596955292e-05,1.6490021648286404e-05,2.4381030710937268e-05,2.359241599066174e-05,2.623870218575926e-05
2024,1.4316118054583915e-05,3.3958408086682775e-05,2.6438365953041663e-05,2.20432132705331e-05,5.8007998911584886e-05,1.5107833756025733e-05,1.260867926174349e-05,1.9441675842789426e-05,1.3287977699979692e-05,1.799730169594895e-05,7.20030983081164e-05,2.1468675026047332e-05,1.9860204002081246e-05,1.7400877073158515e-05,2.0118244056832184e-05,2.3906555396672142e-05,2.3370056142503076e-05
