Years,English,Polish,Russian,Ukrainian,Lithuanian,German,Japanese,Spanish; Castilian,French,Italian,Chinese,Persian,Portuguese,Arabic,Turkish,Indonesian,Dutch; Flemish
2020,1.0010267269941673e-05,1.4682519974888268e-05,1.0198355109111534e-05,9.55816587107264e-06,2.7623020036188742e-05,1.0120436189778801e-05,6.758071873998116e-06,7.654080035024013e-06,9.003808835678085e-06,1.0426204251974266e-05,1.4883907146713695e-05,6.125174696212186e-06,7.586851034815769e-06,9.394752129413831e-06,1.354459428957068e-05,0.00034016232215952017,2.2394579238719885e-05
2021,1.0417536051308321e-05,1.4416112012214203e-05,9.999483669374773e-06,8.35017466668656e-06,2.5737468324906393e-05,1.0689077313606979e-05,6.394880076235385e-06,8.007896500853247e-06,8.98003233728199e-06,9.152289805007222e-06,1.3355065745011138e-05,6.517767922834387e-06,7.652338550829368e-06,8.89870522609529e-06,1.3200669577488328e-05,0.00040041550294613124,2.1834074077431026e-05
2022,1.2776876428419973e-05,1.7934822807139356e-05,1.2000617367017538e-05,9.75969295579411e-06,3.617844824206567e-05,1.560032846629234e-05,8.4980286592905e-06,1.0408606638062476e-05,9.546750477412368e-06,1.2316744747304888e-05,1.7329575255003144e-05,9.010525106664018e-06,9.092565009020961e-06,1.2449497833578107e-05,1.510660718045252e-05,0.0004846216748513385,2.5288536657801727e-05
2023,1.2772842843672235e-05,2.09181593238616e-05,1.4238667052319995e-05,9.931652269721427e-06,3.8078522485400184e-05,1.3842109626589782e-05,9.229976396525837e-06,1.3114998060624298e-05,1.0900904185523675e-05,1.3478149852165567e-05,2.323306213274431e-05,1.2182143447765949e-05,1.3469569110514392e-05,1.5295052581659958e-05,1.520877369835346e-05,0.00041894560560406526,2.738773740094449e-05
2024,1.1834529977873392e-05,2.3096307992416453e-05,1.435990594402998e-05,1.1704042493392634e-05,2.363914924970568e-05,1.7583498916692642e-05,9.26349889578561e-06,1.1005503570908084e-05,1.0535303036875355e-05,1.3946663091237761e-05,2.4402140363959806e-05,9.891262275520757e-06,1.3384096697277953e-05,1.185173988892112e-05,1.6395372603427294e-05,0.00037404464798784776,2.9811127164846015e-05
