Years,English,Polish,Russian,Ukrainian,Lithuanian,German,Japanese,Spanish; Castilian,French,Italian,Chinese,Persian,Portuguese,Arabic,Turkish,Indonesian,Dutch; Flemish
2020,6.02972655580079e-06,1.3607182232684472e-05,6.822749021728952e-06,4.1551649749077566e-06,6.586325812593461e-06,7.77059342377247e-06,2.6820305198549974e-06,4.456475966299032e-06,2.8317885241995383e-05,7.989155987993758e-06,5.433599787727232e-06,3.6684480677818295e-06,6.455509765637362e-06,4.8273046776320605e-06,5.105307777779319e-06,1.6732464363390758e-06,1.3096750665241072e-05
2021,6.849971102305752e-06,1.1956637112597522e-05,6.7819934259216275e-06,4.099890867930915e-06,8.271211076932902e-06,8.780825322513872e-06,2.91447239001232e-06,5.211090253931412e-06,2.9332865713181192e-05,1.0674132627637281e-05,4.061605007744616e-06,2.880295945258233e-06,6.639431955207416e-06,5.972955953787393e-06,5.631762703862795e-06,1.9278792957817303e-06,1.3222225827117826e-05
2022,7.122248934690848e-06,1.2334983805978202e-05,7.240300095256876e-06,4.072987313595763e-06,9.496317424746622e-06,1.0400691647230234e-05,2.808998645113496e-06,5.511998274864136e-06,2.946233241176919e-05,9.287809671265514e-06,4.967940731759255e-06,3.777182682562085e-06,8.189456900376378e-06,7.171836150353938e-06,6.759403305179611e-06,2.359803584984929e-06,1.6723951330262145e-05
2023,7.082649317467485e-06,1.310595185115828e-05,8.678866548843514e-06,5.640478164200634e-06,9.209385369539324e-06,1.2997827029924273e-05,3.061564019602326e-06,5.3249945000329765e-06,3.318590053391909e-05,9.051577619762287e-06,5.919159924542796e-06,3.6682315936691777e-06,8.50249048062356e-06,6.819630214095997e-06,8.32227215189696e-06,2.3525872567959205e-06,1.7234157881666086e-05
2024,7.334587969111232e-06,1.7498154677842228e-05,8.266000249834918e-06,6.45760402885382e-06,8.950313942493005e-06,1.8405411891764325e-05,3.1447736346530266e-06,5.754461343705528e-06,2.8987522937108362e-05,8.948912521112778e-06,5.817991425016104e-06,3.983581779150002e-06,7.916894269411874e-06,5.933967141795674e-06,6.968224953166395e-06,2.3902959885257394e-06,1.8614339394293622e-05
