Years,English,Polish,Russian,Ukrainian,Lithuanian,German,Japanese,Spanish; Castilian,French,Italian,Chinese,Persian,Portuguese,Arabic,Turkish,Indonesian,Dutch; Flemish
2020,4.843666082182085e-06,1.057425794246187e-05,6.400681624642601e-06,5.757353552341932e-06,2.152344347533429e-05,8.10285413621713e-06,3.3895910721414227e-06,4.450454600042076e-05,6.64568443293435e-06,8.560901826416302e-06,4.1057997267798605e-06,4.726774834476548e-06,1.362930128605018e-05,5.310482532297735e-06,5.095525933082951e-06,6.028660727107031e-06,1.0541233062089447e-05
2021,5.132768395501072e-06,1.0946431892580801e-05,5.970277877474465e-06,5.317624673489371e-06,1.8418962188772047e-05,7.926834787108281e-06,3.1736171447281675e-06,4.481747267473453e-05,7.1043676677968825e-06,9.242606429907015e-06,4.326593889233323e-06,4.213867502455593e-06,1.4623282865896051e-05,4.515095614342364e-06,4.234893230696198e-06,5.676022149938352e-06,8.23496084950531e-06
2022,6.106853572148327e-06,1.3398369784968113e-05,6.764955546976743e-06,5.1072769557878285e-06,2.505178959572538e-05,1.0104530316800563e-05,2.8999338556098773e-06,5.3441484754565616e-05,7.648639638874787e-06,1.2289358989111882e-05,5.640844553799159e-06,4.438813253135371e-06,1.9002227830625116e-05,5.05100164795797e-06,5.390915708041316e-06,7.79958424862166e-06,1.2513607156325862e-05
2023,6.011064581541211e-06,1.4828540234458926e-05,7.678869122910961e-06,5.818084624825367e-06,2.7652649154813558e-05,1.0643009174931952e-05,2.99075086201407e-06,5.478519767936828e-05,7.997305542997184e-06,1.2248849420578151e-05,7.828784600870505e-06,4.842283120592745e-06,2.7479601181180398e-05,6.310208731409558e-06,5.801552717910995e-06,8.48705903718599e-06,1.1591072591108224e-05
2024,6.1352793792976425e-06,1.526571705852521e-05,8.258533733870442e-06,8.752495246700485e-06,3.3141072997799645e-05,1.0593774786003795e-05,3.071132404319799e-06,4.630893973681595e-05,8.013743412444632e-06,1.0046417241700373e-05,7.799327751034565e-06,5.482040321719042e-06,2.0458112892308247e-05,4.4108417062327795e-06,5.101778235592384e-06,6.314437146583789e-06,1.1704244526235323e-05
