Years,English,Polish,Russian,Ukrainian,Lithuanian,German,Japanese,Spanish; Castilian,French,Italian,Chinese,Persian,Portuguese,Arabic,Turkish,Indonesian,Dutch; Flemish
2020,2.2311638080885154e-05,5.706461021510637e-05,3.4556340470512026e-05,2.4494773543327598e-05,0.00011536717811920348,3.0070968186842752e-06,0.0001190504163765852,3.145835095274066e-05,3.570229029582156e-05,3.504008306361167e-05,3.5494846042915226e-05,2.7620688541905003e-05,3.62884303464204e-05,2.2414829458495113e-05,3.911678178705033e-05,2.7922458501953176e-05,3.718355686840698e-05
2021,3.017212295203988e-05,6.763182785380817e-05,3.797086636620036e-05,2.7714948013327676e-05,9.651911494923534e-05,3.766481317579342e-06,0.0001009688220058916,4.122574695231566e-05,3.875455232586754e-05,3.743324072422529e-05,3.376232530313945e-05,3.8754716177178395e-05,4.4228054160549076e-05,2.624594326264068e-05,4.523313879616783e-05,4.338117814558721e-05,4.114248312280183e-05
2022,2.755934548940429e-05,5.524910285871388e-05,3.288810708780048e-05,2.424352272619906e-05,9.696328358117391e-05,3.900537905214307e-06,9.26429104612617e-05,3.4341843418040915e-05,2.8740417664290885e-05,3.129525072479073e-05,3.816235532811198e-05,3.305576664612658e-05,3.8510102128329884e-05,2.4119754097637593e-05,4.632384393777584e-05,4.254046194930092e-05,3.3040647057693113e-05
2023,3.020356183803929e-05,7.295655253075536e-05,3.431870795739989e-05,3.3515433377701334e-05,0.00010265035660568965,4.494768457017019e-06,9.159370716978923e-05,3.813764280527289e-05,3.350722340473917e-05,3.583741480002241e-05,5.201866669791979e-05,3.475409936643189e-05,4.3614380770059044e-05,2.997245746577317e-05,4.929154243700303e-05,4.7740053664497766e-05,4.039163683386066e-05
2024,2.8007834766342447e-05,7.477115182322758e-05,3.286722522417466e-05,3.186873310955443e-05,0.00010291971340632115,4.579716881604592e-06,9.298762420261098e-05,3.241371886859409e-05,3.2991402475559136e-05,3.6254257389685915e-05,4.849973830807468e-05,3.1549680511955e-05,3.744807101993092e-05,2.4176952737805973e-05,3.9893382621046526e-05,3.5332371570464406e-05,3.6417317355938526e-05
