Years,English,Polish,Russian,Ukrainian,Lithuanian,German,Japanese,Spanish; Castilian,French,Italian,Chinese,Persian,Portuguese,Arabic,Turkish,Indonesian,Dutch; Flemish
2020,1.3278329822924667e-06,8.24682226451766e-05,7.835047244561457e-06,6.470736787549849e-06,3.654422116571776e-05,3.864026354194392e-06,2.1396138528168183e-07,8.454293751945461e-07,1.2065135212745664e-06,1.640425527669408e-06,4.6323834074602816e-07,2.8797679111975703e-07,9.624595470734634e-07,2.404704600766666e-07,9.121570179363018e-07,1.3804156223361498e-07,2.4663072098065666e-06
2021,1.4818635177963876e-06,7.845981294095816e-05,8.360306784671724e-06,7.809209049839394e-06,4.375947012167904e-05,4.637957252865533e-06,2.431369784921413e-07,9.232421908272751e-07,1.3791378439383804e-06,1.9561934735535915e-06,4.204614880294077e-07,1.900297427027764e-07,9.615293554359694e-07,3.038292376219195e-07,8.496357348110239e-07,2.647913538826174e-07,3.2367297760040495e-06
2022,1.7986379964215795e-06,7.37493769403955e-05,1.1661425863984953e-05,1.2184988923343023e-05,0.00011810729653751241,4.627368858416536e-06,3.186063327464792e-07,1.0323435328957147e-06,1.368676778858029e-06,1.9231473141307143e-06,6.475836098080715e-07,3.2631717881179427e-07,1.1393004450944123e-06,3.653916085756829e-07,1.0128963317401556e-06,2.738117444987662e-07,3.4956105909675735e-06
2023,1.7250316456545565e-06,9.526197867111624e-05,1.184358062485728e-05,1.2165621684404083e-05,0.0001095247382379167,4.8770967208935006e-06,3.4360167803015e-07,9.704805350956233e-07,1.471115376822712e-06,1.930677194715495e-06,7.180121125784876e-07,2.7856546645755937e-07,1.0924772659541427e-06,3.7155369305546776e-07,9.956192094287346e-07,2.973659202019593e-07,3.3676255710407824e-06
2024,1.807419491823691e-06,9.620728303795812e-05,1.0222321945387495e-05,1.2671029297351764e-05,8.860454925774139e-05,5.012438708334368e-06,3.6252735032203295e-07,1.2980887718839546e-06,1.528997731256051e-06,2.428208809739863e-06,9.034879161867974e-07,2.3794824221493317e-07,1.130327463880885e-06,3.396561197939638e-07,1.04994996967761e-06,2.5528131044724354e-07,8.544916982789985e-06
