Years,English,Polish,Russian,Ukrainian,Lithuanian,German,Japanese,Spanish; Castilian,French,Italian,Chinese,Persian,Portuguese,Arabic,Turkish,Indonesian,Dutch; Flemish
2020,1.1763269336469365e-06,8.762729826229119e-05,4.200146006082593e-06,1.081886608017778e-05,6.88293863787192e-06,6.4300291302440775e-06,1.848614640905795e-07,5.575120217790828e-07,9.611323352055377e-07,1.1645095829876104e-06,4.0704489403003445e-07,2.4359845814987825e-07,3.7172981025912395e-07,1.9163072322388624e-07,1.225176048220073e-06,1.096212405972825e-07,2.238571360956758e-06
2021,1.2124307215917755e-06,8.882764030180437e-05,4.6544952500736686e-06,1.2025822789455174e-05,7.520595062970405e-06,6.4778900011261926e-06,2.0062576144522343e-07,6.80660720117904e-07,1.0328129988661022e-06,1.3465947208227962e-06,3.6141928574591544e-07,2.896692316863119e-07,4.273782717146742e-07,2.0168615651430597e-07,1.1665884549452926e-06,2.1593947308609172e-07,2.5118131214639126e-06
2022,1.3749705260700668e-06,9.451035530660327e-05,6.393604071614488e-06,2.2279693578934745e-05,1.1689714635241196e-05,6.943889305836854e-06,2.3000279431410755e-07,7.198508900806934e-07,9.801260198050694e-07,1.5204362289079067e-06,5.386299692953391e-07,3.8193013159174916e-07,5.520113923002416e-07,2.9192249369629425e-07,1.4825810512767358e-06,2.6652089923104757e-07,2.947173045821593e-06
2023,1.3278881415717336e-06,0.0001151401551646084,5.734337091243413e-06,2.093399372387252e-05,1.4173309398510875e-05,8.080609441833856e-06,2.5231133983993947e-07,7.497077119459082e-07,1.1292727793252191e-06,1.6124452999327771e-06,6.205434482973677e-07,4.29738189108308e-07,5.702164262221399e-07,3.174405856253115e-07,1.3085435721529372e-06,3.34796595472136e-07,3.297737919312164e-06
2024,1.341563143411842e-06,0.00011908841164886694,4.405338931900151e-06,2.1139460010092425e-05,1.5311620571600857e-05,7.960530637538516e-06,2.6699525674298283e-07,9.96848932637137e-07,1.2106310803643802e-06,1.6532331303683685e-06,6.844056759891972e-07,3.186318415866634e-07,5.260465428521752e-07,2.761570459554436e-07,1.316416778377374e-06,2.0638235520664477e-07,3.153633779005699e-06
