Years,English,Polish,Russian,Ukrainian,Lithuanian,German,Japanese,Spanish; Castilian,French,Italian,Chinese,Persian,Portuguese,Arabic,Turkish,Indonesian,Dutch; Flemish
2020,6.792590100341949e-07,5.843516914461843e-05,3.0916359079132833e-06,8.547734534647e-06,7.217578748442488e-06,2.5381740580695243e-06,1.2952030414276526e-07,5.471685705401389e-07,1.470942561969958e-06,1.2482872508284455e-06,2.390775733007732e-07,1.3554686483191243e-07,5.660269251421677e-07,1.7112549019409296e-07,6.235925993934503e-07,7.612586152589062e-08,1.5066028540696597e-06
2021,8.273404494745572e-07,5.9605353098943547e-05,3.889512392366501e-06,1.0865328084434488e-05,1.2060378455108968e-05,2.758637289409914e-06,1.5728395223575476e-07,6.133983029604623e-07,1.6083934983467497e-06,1.2353529494385547e-06,2.3570145660929747e-07,1.0090074833775739e-07,5.335770363449155e-07,1.7011465871740725e-07,7.10454899622323e-07,1.0619974086201232e-07,2.0991416182822266e-06
2022,1.036020382360108e-06,6.080784481720876e-05,4.741351134232908e-06,1.8302963148097734e-05,1.742952419373849e-05,3.056214768941483e-06,1.5730459031837408e-07,7.249948018965785e-07,1.7406266394295112e-06,1.6094399430351793e-06,3.1458445500155136e-07,1.5866048293104784e-07,7.344472937117032e-07,2.4659048664305445e-07,8.810550069579576e-07,1.1827371212076884e-07,2.0790398524531415e-06
2023,1.2042828406229807e-06,8.516345380425781e-05,4.843413458620912e-06,1.7870913580681042e-05,2.2623410335987116e-05,5.022188552649096e-06,1.9602164514558044e-07,9.757507196760203e-07,2.3072655800912276e-06,3.537493185287826e-06,4.716975922151371e-07,2.1130209772756332e-07,1.7526541719424521e-06,2.709102066248587e-07,1.222462302822231e-06,2.356746220714829e-07,3.018872485453853e-06
2024,9.593441688705474e-07,6.95010016739785e-05,3.5241010223715632e-06,1.6352194353872228e-05,2.2215640073961268e-05,3.3906365930998324e-06,1.8327873370247295e-07,8.9175316834032e-07,1.6890188636779173e-06,2.0808559041155573e-06,4.412424953401253e-07,1.805124596113286e-07,8.970403361961048e-07,2.2544302054078653e-07,8.347721263691721e-07,1.5604519540014605e-07,1.9052759256145917e-06
