Years,English,Polish,Russian,Ukrainian,Lithuanian,German,Japanese,Spanish; Castilian,French,Italian,Chinese,Persian,Portuguese,Arabic,Turkish,Indonesian,Dutch; Flemish
2020,1.1213186489263113e-06,6.430854965342207e-05,2.800201013978198e-06,5.90938604509116e-06,8.845146558944797e-06,5.8681371812178965e-06,4.1362935839141163e-07,6.567352718783816e-07,1.0781085718521433e-06,1.1755329603350887e-06,9.305634776168559e-07,1.847489296463433e-07,5.859791961081526e-07,3.6051927890563813e-07,9.439480131994973e-07,1.8320957340564344e-07,2.8203782740767076e-06
2021,1.0834865184434127e-06,6.556695929776372e-05,2.824753959070167e-06,6.472507701986746e-06,1.1418024366237216e-05,5.854814901257184e-06,4.023841485666525e-07,6.86164008794422e-07,1.1158193564967186e-06,1.2493543342185906e-06,8.484006164535584e-07,1.9297268119596102e-07,6.357574693404992e-07,2.8525776832962616e-07,9.457970391232172e-07,2.414274108929747e-07,2.9285247652361887e-06
2022,1.261186472171589e-06,6.954757126564964e-05,3.921226027899933e-06,1.4007263831256235e-05,2.1513781068452522e-05,6.192040620549765e-06,4.6217071268765274e-07,8.096715040965336e-07,1.065373876872116e-06,1.6584183182649803e-06,9.865291780932797e-07,2.9891962119225767e-07,7.280637170508969e-07,3.821957146385218e-07,1.0458566629357052e-06,3.2565775529143204e-07,3.3870090968792607e-06
2023,1.3096588186731907e-06,8.107342787073082e-05,3.531009429438691e-06,1.276914695581609e-05,2.6917857768946058e-05,7.458171640257169e-06,4.59608965493204e-07,9.082923570469406e-07,1.1711146800920149e-06,1.763557073077252e-06,1.1613782492325182e-06,2.9215402579695246e-07,8.498990072850557e-07,3.336400509069506e-07,9.739635441883054e-07,2.9528643824250505e-07,3.983596148531253e-06
2024,1.2777234078761594e-06,7.934536145030333e-05,2.84048950375077e-06,1.1346043354703541e-05,2.1583957877224682e-05,7.432889184300273e-06,4.88651696303195e-07,1.1909119033436362e-06,1.2179319697269337e-06,2.0069278991626535e-06,1.030591827441934e-06,2.652986148833163e-07,9.657166681700766e-07,4.278729539186194e-07,9.95713362597127e-07,2.653487424085433e-07,3.6546850496940336e-06
