Years,English,Polish,Russian,Ukrainian,Lithuanian,German,Japanese,Spanish; Castilian,French,Italian,Chinese,Persian,Portuguese,Arabic,Turkish,Indonesian,Dutch; Flemish
2020,7.452731928928325e-07,3.92585196968998e-05,2.1315906863412848e-06,5.43340739471473e-06,4.510036035644252e-06,5.488638549399268e-06,1.3208578837875664e-07,3.784964335507874e-07,6.509884434068751e-07,9.722618820475884e-07,1.7675393239758023e-07,9.79217564444065e-08,2.9572115896013373e-07,1.371986500902532e-07,5.494136104459941e-07,1.0353117167521124e-07,1.5819607018642435e-06
2021,7.860077117030874e-07,4.269342086599417e-05,2.527602681449122e-06,6.516278778868571e-06,5.506923256282552e-06,6.327100959887822e-06,1.549431925049298e-07,4.4515490627834174e-07,7.057865506659283e-07,1.1805783012880845e-06,1.484623186706282e-07,1.1309292209523641e-07,3.8575983692714715e-07,1.3594315521958746e-07,5.156017303581418e-07,1.5717561647577824e-07,1.6177877250605119e-06
2022,8.221368481823237e-07,4.669651472955694e-05,3.882744009727679e-06,1.0819462361069374e-05,7.151651441114491e-06,6.592223047542799e-06,2.1243197983174814e-07,5.923412298753871e-07,8.41373915605153e-07,1.941053386795373e-06,2.7717959602270833e-07,2.2081613603805626e-07,1.1450120663172388e-06,2.1571782666714113e-07,1.3342595608967632e-06,1.887518830420489e-07,2.0607133503257383e-06
2023,7.072824280725404e-07,5.6152343979077705e-05,3.2974915120125893e-06,1.0267505245026016e-05,8.384786147621352e-06,6.957840825801526e-06,1.842044175735275e-07,4.803533691187165e-07,7.29653968166178e-07,1.3642279403206074e-06,3.1249172626354665e-07,1.7223498962680803e-07,4.414014201756405e-07,1.9439358337966958e-07,5.484297222138707e-07,2.453788712156028e-07,2.0274270731860988e-06
2024,7.163532877626268e-07,5.605209647445286e-05,2.452419699318726e-06,1.0691332973350931e-05,7.704743413716643e-06,7.066445658868893e-06,1.874004443554521e-07,6.790643146544841e-07,7.355945249549659e-07,1.4001021918409014e-06,3.4654827085802205e-07,1.4769201240926886e-07,4.4356414414116787e-07,2.0242993337783288e-07,5.211430506429013e-07,1.3591033147754655e-07,2.0924584315677623e-06
