Years,English,Polish,Russian,Ukrainian,Lithuanian,German,Japanese,Spanish; Castilian,French,Italian,Chinese,Persian,Portuguese,Arabic,Turkish,Indonesian,Dutch; Flemish
2020,1.6302831213934362e-06,8.173125619021361e-05,6.526130298303737e-06,1.3238521676317422e-05,1.0115257887701274e-05,8.811245673845878e-06,3.995558448682589e-07,1.2285803618028583e-06,1.8708354629198956e-06,2.8221315793190844e-06,1.1393987595941126e-06,4.4378332969878807e-07,1.2942848154006175e-06,3.523171856937208e-07,2.0509267713384586e-06,2.5121534303543905e-07,5.9793127614070236e-06
2021,1.9023400989983454e-06,8.939521143248515e-05,6.720726161819734e-06,1.5493838880861286e-05,1.574850136986701e-05,9.3602770536086e-06,4.1416345559919104e-07,1.4515579037729994e-06,2.178044972282353e-06,5.233132957566835e-06,1.0731971808205222e-06,4.174768462474712e-07,1.462672715015433e-06,4.245437880218264e-07,2.8589008828079054e-06,3.115192398619028e-07,5.327213950163584e-06
2022,2.415691010930599e-06,9.377281016589598e-05,1.042743581459466e-05,3.174778480166558e-05,2.725359062694982e-05,1.1841895330774622e-05,5.409479188502689e-07,1.9746686090134397e-06,2.3977081482436675e-06,8.522763939181383e-06,1.5970915685017783e-06,7.642691819539391e-07,2.3807381167617237e-06,7.698625335765725e-07,3.8018474329020357e-06,4.6661409713399215e-07,6.91248509872112e-06
2023,2.4902151245163535e-06,0.00012356767958152023,1.0025437156745097e-05,3.457433824720803e-05,3.748252502797433e-05,1.5738154087113034e-05,5.785029039662252e-07,2.1372035796576605e-06,2.53837043473742e-06,5.941911945868362e-06,1.8867903688605485e-06,6.04011462636025e-07,2.054389321975285e-06,7.792976808890654e-07,4.560141708003389e-06,6.224582665299754e-07,7.736974150191763e-06
2024,2.2276494949339807e-06,0.0001141144723959635,7.63645008731133e-06,3.297775218049347e-05,3.701123856935477e-05,1.1989031256706684e-05,5.790545499585377e-07,2.0686176180403223e-06,2.4900820194741404e-06,5.864592667415894e-06,1.82309014590879e-06,5.25127155232956e-07,2.0606439609303577e-06,7.611365495006517e-07,3.274829916653073e-06,5.271019734023366e-07,7.69796952239351e-06
