Years,English,Polish,Russian,Ukrainian,Lithuanian,German,Japanese,Spanish; Castilian,French,Italian,Chinese,Persian,Portuguese,Arabic,Turkish,Indonesian,Dutch; Flemish
2020,4.886385507613735e-07,5.8034711382654546e-05,2.147038498221871e-06,6.226315318437629e-06,5.217343542077499e-06,2.0929145703869484e-06,1.2842081089876893e-07,3.623163205412964e-07,6.075145163772937e-07,6.424424318110369e-07,1.8165808774733968e-07,9.502751733767527e-08,2.0094787187170534e-07,2.0952619932261492e-07,4.882770810936951e-07,6.09006892207125e-08,1.01899325069294e-06
2021,5.422041355471429e-07,5.736524817322064e-05,2.0898495934591513e-06,6.1066263926668785e-06,5.74509949148219e-06,2.212894525095312e-06,1.3478245546846966e-07,4.47513458568278e-07,6.811404052630001e-07,6.792979538885564e-07,1.3755742642829456e-07,9.33331922124256e-08,2.2703573735816473e-07,2.0094329774261424e-07,4.921940444400421e-07,7.433981860340862e-08,1.1491314165520795e-06
2022,6.443990654205788e-07,5.774794982797589e-05,2.8823947849546462e-06,1.0152270046261171e-05,1.0639237044008162e-05,2.3012262063481967e-06,1.606355504098166e-07,5.881865318702492e-07,7.810274062603227e-07,7.804941085006989e-07,1.9508072605888886e-07,1.4966426998134924e-07,2.691181529108299e-07,2.567511089136082e-07,6.395571956982584e-07,8.830023713125893e-08,1.1993677503378063e-06
2023,7.090091864765991e-07,8.150071053611985e-05,2.914251757759364e-06,9.99562426501754e-06,1.4524376393980903e-05,3.958934266474081e-06,1.6724534288997062e-07,5.897815653153201e-07,8.955313117539956e-07,9.175774257527128e-07,2.4568023404481817e-07,1.7325413157726253e-07,3.5354118507327273e-07,3.322613730106409e-07,6.756567555013925e-07,1.025877766664102e-07,1.5587687027706572e-06
2024,6.378401370593212e-07,7.378481606366827e-05,2.396562598875633e-06,9.865405612625277e-06,1.3977080719340468e-05,3.1320374799215366e-06,1.7787471306856693e-07,5.909295499422027e-07,7.729367787437635e-07,9.654127705614497e-07,2.9132506155201543e-07,1.470082530925593e-07,3.2426556746473245e-07,2.910729357832839e-07,5.176058806159133e-07,8.053945569039796e-08,1.278961837254173e-06
