Years,English,Polish,Russian,Ukrainian,Lithuanian,German,Japanese,Spanish; Castilian,French,Italian,Chinese,Persian,Portuguese,Arabic,Turkish,Indonesian,Dutch; Flemish
2020,6.319495525178193e-06,0.00019309700763050193,1.6023631660349754e-05,3.3336047737051956e-05,5.416606517008156e-05,1.585368385263426e-05,2.8238651483305215e-06,8.152856030124807e-06,7.696677823494848e-06,9.913396737769574e-06,4.20388283377505e-06,3.7461101504791176e-06,1.2728836295192455e-05,2.739871955199105e-06,6.898645972113425e-06,9.97756291732673e-07,2.0325008933478922e-05
2021,6.715811128059766e-06,0.0001811074370862743,1.5482752404688387e-05,3.42177587685403e-05,6.292183086274088e-05,1.4493774144327425e-05,2.7556782702082912e-06,7.86865456195849e-06,8.368063896711171e-06,1.043226255209644e-05,3.682426326061185e-06,3.2897848155956318e-06,1.5598302334676942e-05,2.731120274124663e-06,6.091692100145457e-06,1.209969047554527e-06,2.067166791322415e-05
2022,8.840303846965104e-06,0.0001814016124531836,2.164842581821288e-05,6.595672597818236e-05,0.00011858631431911467,1.922881119587939e-05,3.220538764411222e-06,1.1763631716023908e-05,9.734632267658819e-06,1.4017295001251418e-05,5.769747452433941e-06,4.316955459544e-06,1.1929560868170835e-05,4.292862909308959e-06,8.170992873881318e-06,1.7457523946592936e-06,2.6980683687565254e-05
2023,8.50091905398583e-06,0.0002129508768038982,2.0221799799441257e-05,6.484235112685146e-05,0.0001508526715185976,2.2113677978534787e-05,2.9601704028772306e-06,1.0967158290268017e-05,1.0055124613311568e-05,1.4419475926782661e-05,6.8302065067279265e-06,4.343922706820501e-06,1.007277340759257e-05,4.2480512680043045e-06,9.880397265945843e-06,1.9526335599275507e-06,3.029150081296297e-05
2024,7.928101936896506e-06,0.00020645434222574393,1.6166802807432762e-05,5.64646358907402e-05,0.00013696827350365788,2.0830411892312333e-05,3.1331412512546185e-06,1.1655224315729199e-05,9.877385187269522e-06,1.5430477876922393e-05,7.443364375639126e-06,3.690590911939948e-06,9.962316156760372e-06,4.475193116632891e-06,9.334002172883547e-06,1.8272389009759036e-06,3.190216215530387e-05
