Years,English,Polish,Russian,Ukrainian,Lithuanian,German,Japanese,Spanish; Castilian,French,Italian,Chinese,Persian,Portuguese,Arabic,Turkish,Indonesian,Dutch; Flemish
2020,1.2428394567873529e-06,9.45735330543097e-05,5.056618314441803e-06,1.4313274451983121e-05,1.5682452454466186e-05,3.3636411894937902e-06,3.0763820967016737e-07,1.0363399323476273e-06,1.4599620340088783e-06,2.0562273212162905e-06,7.090591276527207e-07,4.515013006500713e-07,8.410832320303885e-07,5.260524328188784e-07,1.5691709200423422e-06,1.436241254121803e-07,3.416591834569151e-06
2021,1.3644637045559116e-06,9.365442875105869e-05,5.13928383241534e-06,1.554658864018041e-05,2.451049984054462e-05,3.5244797779947493e-06,3.5209556854312266e-07,1.2146544293171786e-06,1.7820790701956868e-06,2.2514534449040193e-06,6.53514613665567e-07,4.612005038604994e-07,9.575110238013116e-07,5.627155195564891e-07,1.4538070875619754e-06,2.0319550418265026e-07,3.406992843750339e-06
2022,1.8954231538074665e-06,8.378622879799074e-05,8.348032475501057e-06,3.258012372905007e-05,3.146390481261182e-05,4.778690687302285e-06,4.787422391425794e-07,1.5802690626685554e-06,2.2039936098821026e-06,3.457451971867131e-06,1.0352514046605931e-06,8.010718712936153e-07,1.1587871527958207e-06,7.647822224412957e-07,1.9383210153075067e-06,3.75883578246827e-07,4.728916308207978e-06
2023,1.6558083055829914e-06,0.00010992005443014437,7.570258291372176e-06,2.985808706768018e-05,3.2820681902081636e-05,4.64529866719061e-06,4.4598758103992167e-07,1.69086685646696e-06,2.2037498639476205e-06,3.263768017636135e-06,8.753151195744813e-07,7.147582212520791e-07,1.4239658820574985e-06,7.155338281847412e-07,1.982034761130287e-06,3.08456490652382e-07,4.442662096160414e-06
2024,1.6948613957277469e-06,0.00010966549329181923,6.089180051179572e-06,2.8489143414429666e-05,3.129940800168031e-05,4.7671779740445165e-06,4.4770937048360205e-07,1.8756992546677488e-06,2.066032002891738e-06,3.2231160590741497e-06,9.063848714290797e-07,6.054688749463314e-07,1.3122843434407896e-06,6.673795277256554e-07,1.8369703006824439e-06,2.408992647882439e-07,4.267476447510307e-06
