Years,English,Polish,Russian,Ukrainian,Lithuanian,German,Japanese,Spanish; Castilian,French,Italian,Chinese,Persian,Portuguese,Arabic,Turkish,Indonesian,Dutch; Flemish
2020,2.6081964019993056e-06,0.00012132007593264022,8.987101510447856e-06,1.880291091093918e-05,1.5903010709160423e-05,1.1786259703011624e-05,8.117192122676753e-07,2.167544088915284e-06,3.3300131735029823e-06,3.6415359621483066e-06,1.7558919550201235e-06,9.358039778430966e-07,1.8363215099765414e-06,8.541361612955708e-07,2.994874784537956e-06,5.43031145551353e-07,8.697736300232236e-06
2021,2.778454752767275e-06,0.00012132652310585659,9.906825764192666e-06,2.3765450076221494e-05,1.8476701882153777e-05,1.1475649915452318e-05,8.364063076886489e-07,2.5737920248400827e-06,3.1348269376884788e-06,3.5908166812799836e-06,1.6876099665885785e-06,8.971758206365595e-07,1.5820745693024069e-06,9.906021720509282e-07,2.9164711373632316e-06,7.023342862341082e-07,9.043566130564809e-06
2022,3.4254855142281426e-06,0.00012597087534340002,1.1968823890099032e-05,3.74052359010647e-05,3.135465514312358e-05,1.3055711125531524e-05,1.0302659562831784e-06,2.863675060731894e-06,3.2938201615445027e-06,4.6159046533777275e-06,2.3678234832555792e-06,1.2508825187785447e-06,2.0571915733745463e-06,1.4009934938436611e-06,3.890586786120823e-06,8.489784267299024e-07,1.0363297573377264e-05
2023,3.435134481309467e-06,0.00014609889638670612,1.1876913872388366e-05,3.414841943642076e-05,4.096870193647901e-05,1.4634984155568198e-05,1.1419410979741844e-06,3.072038502682236e-06,3.5727251487615244e-06,6.270171047949375e-06,2.5580767226404947e-06,1.7865558391467129e-06,2.4947406198190246e-06,1.509652296459136e-06,4.1340664943979434e-06,8.678371377455781e-07,1.7140289172971764e-05
2024,3.2978254757631053e-06,0.0001474137724672175,9.248366919894992e-06,3.2642127987972444e-05,4.179778817279537e-05,1.4049345502684583e-05,1.2365131958937454e-06,3.761283754492129e-06,3.4924582229394577e-06,5.274255804336089e-06,2.7948375699918647e-06,1.6034155976839606e-06,2.6812089606745454e-06,1.3518057866831282e-06,3.8048158923634445e-06,7.593720107951808e-07,1.1157643140029866e-05
