Years,English,Polish,Russian,Ukrainian,Lithuanian,German,Japanese,Spanish; Castilian,French,Italian,Chinese,Persian,Portuguese,Arabic,Turkish,Indonesian,Dutch; Flemish
2020,4.507222774072958e-07,5.934752989067413e-05,1.2591521831524757e-06,4.2604182391187605e-06,4.2590559527163255e-06,1.3701655413162068e-06,6.303761265578841e-08,1.674900282763293e-07,4.187166631689315e-07,4.834118412780829e-07,1.3445559250590496e-07,6.946173856154943e-08,1.5748042441009532e-07,1.5173872442047024e-07,5.722379147375191e-07,6.800576962979563e-08,8.128673729018723e-07
2021,4.964200069251151e-07,5.741230238359726e-05,1.3810872729921066e-06,4.8226748041333536e-06,5.795621723191204e-06,1.4492151787637472e-06,6.486169705737559e-08,1.9698279310393656e-07,4.249134973948226e-07,5.820575672843508e-07,1.0982784329778897e-07,7.483472168383674e-08,1.937409895281431e-07,1.8608612230877954e-07,4.865002830005044e-07,8.849978405167694e-08,8.057194663519353e-07
2022,5.531454782993191e-07,5.681482679672284e-05,2.0619031832105075e-06,8.191271983783879e-06,8.277763418916303e-06,1.5787505668287562e-06,9.426617058782395e-08,3.0052315570498097e-07,4.303895099556022e-07,6.270636427270572e-07,1.5230491297026328e-07,1.2880941268886615e-07,3.41353362493637e-07,1.633515426573641e-07,6.21809325054501e-07,8.505986145671731e-08,1.0880512188972856e-06
2023,5.898956431485304e-07,7.116106815467181e-05,2.20693876362059e-06,8.112659087683288e-06,1.2907835345072404e-05,1.9851107334821304e-06,1.3738654650562311e-07,3.9267666200847796e-07,5.253737841485615e-07,8.25573400892922e-07,2.0022304788334148e-07,1.4947415273332452e-07,2.933341713776263e-07,1.9163622758705015e-07,7.319614851265085e-07,1.1298518646368151e-07,1.2956622492040935e-06
2024,9.750773913883265e-07,6.940368631405343e-05,1.908498188235819e-06,8.094866394108562e-06,1.1076680773761223e-05,2.0502846122400764e-06,1.2465884886010278e-07,6.366097880870569e-07,5.58697566301624e-07,9.771905164485546e-07,2.1582316555003255e-07,1.2546983461620758e-07,4.775483084169477e-07,1.9731591400828763e-07,8.088328795045934e-07,1.0786534244249727e-07,1.1871498856649753e-06
