Years,English,Polish,Russian,Ukrainian,Lithuanian,German,Japanese,Spanish; Castilian,French,Italian,Chinese,Persian,Portuguese,Arabic,Turkish,Indonesian,Dutch; Flemish
2020,7.638390191352794e-07,7.215845308503506e-05,2.5109433284289676e-06,1.2367258544792999e-05,3.886388556853648e-06,1.9192952757272814e-06,8.510077708531435e-08,3.759105707410514e-07,5.647128665698193e-07,5.843859777809843e-07,2.6788948598061e-07,1.2638177432726357e-07,2.4156499490960323e-07,1.5024743474557618e-07,5.005043869641549e-07,4.3645493941510625e-08,1.0206555561589971e-06
2021,8.337365136007378e-07,8.619130647353073e-05,2.5915951780563713e-06,1.2924813368489574e-05,3.507686372940131e-06,2.0987887712353144e-06,1.0019961815499116e-07,4.2017172276272054e-07,6.992762481066643e-07,6.976074570624495e-07,2.053235425056537e-07,1.0972956381731116e-07,2.703763142748308e-07,1.65286076701411e-07,5.541927801150089e-07,9.62877650482245e-08,1.1237362471255142e-06
2022,1.6925912119955446e-06,7.923950151515292e-05,8.079757834528768e-06,3.999945326090593e-05,9.765239688102278e-06,4.539756152937171e-06,5.942432803133495e-07,8.795099991352817e-07,1.2244284312419477e-06,1.5553706255771911e-06,6.725201824606335e-07,3.6802689339676045e-07,6.15175203470324e-07,3.5171384782686054e-07,1.0350811700448524e-06,2.697612749055892e-07,3.000116274189646e-06
2023,1.4063135738978388e-06,0.00010739598395183579,9.301920500612045e-06,3.941600820698748e-05,1.3201751899419403e-05,3.9148115736488295e-06,4.861300716472771e-07,7.659015518384003e-07,1.0227765442228813e-06,1.4850821756526844e-06,5.243433566533124e-07,2.038283900908971e-07,5.205106358455016e-07,2.8676500243242037e-07,9.647598864611229e-07,2.502309957876627e-07,3.0613532149359544e-06
2024,1.1694810221236337e-06,9.654032644104831e-05,4.758628003738189e-06,3.454594405975113e-05,1.2224385046705158e-05,3.1127020004475895e-06,2.007731055851178e-07,7.619963187580121e-07,8.672499069026495e-07,1.4434080574873327e-06,4.1082446529616096e-07,1.3880314129204434e-07,4.722382827488571e-07,2.4163741521101314e-07,7.799459909508579e-07,1.6035980909784592e-07,1.7003004057875455e-06
