Years,English,Polish,Russian,Ukrainian,Lithuanian,German,Japanese,Spanish; Castilian,French,Italian,Chinese,Persian,Portuguese,Arabic,Turkish,Indonesian,Dutch; Flemish
2020,2.842130053848024e-07,3.8553527776419195e-05,1.2493029071212296e-06,3.8136766065787205e-06,1.3005331569901638e-06,1.0150391943528147e-06,2.8806722992703306e-08,1.6719450109807376e-07,2.7753844652647667e-07,3.301134069658176e-07,8.786611668319017e-08,9.550989052213047e-08,1.460791267152468e-07,7.605577341959688e-08,3.7334040591137285e-07,3.603290778892156e-08,7.048175176081674e-07
2021,3.506144747973657e-07,3.689699117118573e-05,1.2499733091233097e-06,4.157129968468685e-06,1.515666951270427e-06,1.11212551096249e-06,2.7711574877831012e-08,2.3672876687878848e-07,3.0912311616219784e-07,4.189645138026136e-07,6.698719520290675e-08,6.432422706532034e-08,1.435118440949208e-07,8.060017672855322e-08,2.7583110973760714e-07,5.805585833790007e-08,6.227588138923625e-07
2022,3.6597284604655043e-07,3.8368859521421664e-05,1.5386393599206388e-06,5.090290447065696e-06,1.8404367398402744e-06,1.1691485079171317e-06,3.03950108344132e-08,2.4552286782744003e-07,3.316814649306009e-07,4.27112497971705e-07,8.977166154922318e-08,1.0918131170770559e-07,1.918432775431759e-07,1.1528398345435985e-07,4.06933319760438e-07,9.316080064307134e-08,6.556815205581895e-07
2023,4.1509960571490073e-07,5.2565487308554764e-05,1.5431441759807322e-06,4.9670887400310316e-06,1.8614715108643316e-06,1.4752371040666077e-06,3.978165923110952e-08,3.175525763533665e-07,3.682087267478026e-07,6.609161020998738e-07,1.0888581801469995e-07,1.6612013792408113e-07,2.789824995083152e-07,1.6268399176454618e-07,3.3295585307159967e-07,8.664508164392753e-08,9.475943366733271e-07
2024,3.371935509331227e-07,4.430136369114961e-05,1.1752674179523798e-06,5.023661826604569e-06,2.144160695965024e-06,1.2567027675205955e-06,3.865248656793782e-08,3.873975549277726e-07,3.4254336648570005e-07,5.785591171927007e-07,1.5317650843567747e-07,1.1521344486556391e-07,2.7045730736141437e-07,1.142130992531773e-07,2.305055800920525e-07,5.968548948484848e-08,5.522951506450965e-07
