Years,English,Polish,Russian,Ukrainian,Lithuanian,German,Japanese,Spanish; Castilian,French,Italian,Chinese,Persian,Portuguese,Arabic,Turkish,Indonesian,Dutch; Flemish
2020,2.4196859366855056e-06,9.16452244739955e-05,9.409479937303615e-06,1.723931519704904e-05,1.5766112482108827e-05,1.8386185815319294e-05,9.781824894087166e-07,1.4953675219730502e-06,2.62916416945651e-06,5.413948061258188e-06,2.019285965263454e-06,5.42669832512105e-07,2.080974356345166e-06,6.856204280325424e-07,2.051741925063156e-06,3.019659173860328e-07,8.089332499655374e-06
2021,2.6641012196290748e-06,9.318745627704519e-05,9.765214608451387e-06,1.941303376474159e-05,1.5048407587613526e-05,1.7321451723987543e-05,1.0571172977919188e-06,1.7230534784812188e-06,2.9345188785882658e-06,4.997109614131944e-06,1.8259463138913255e-06,6.764554336477152e-07,2.055376631127456e-06,6.871443638148546e-07,2.106691732628972e-06,4.65154864975614e-07,8.424270294321524e-06
2022,3.04413051454384e-06,0.00010010065392285976,1.300435667434384e-05,3.288588088604846e-05,2.166504984159008e-05,2.0395022399219758e-05,1.6605668795863933e-06,2.407350729834239e-06,2.9692052952918284e-06,6.780257299285311e-06,2.721155535763419e-06,1.2856406142660164e-06,2.9844900777863946e-06,8.765490674173869e-07,2.601964606879436e-06,6.01089687627469e-07,1.0645661458006878e-05
2023,3.0875314572620726e-06,0.00011678050191502577,1.234246822957252e-05,2.967627192315439e-05,2.7987387452819863e-05,2.1899426391048447e-05,1.3001656564580079e-06,2.3436989936713915e-06,2.932830655390966e-06,6.65876930973767e-06,2.6794368382529953e-06,1.4492198535462782e-06,2.7943755251880556e-06,9.860993653355223e-07,2.885617393287197e-06,6.474120500434266e-07,1.2128933440196121e-05
2024,2.9297773273367823e-06,0.00011431375564298139,9.92574058973534e-06,2.8324736201281685e-05,2.78207074534549e-05,1.9141400891205793e-05,1.3069486512746558e-06,3.5787709123370622e-06,3.0661341588506864e-06,6.332622169360381e-06,2.538275971347237e-06,1.3070059338903584e-06,3.096806969630436e-06,9.576001269473485e-07,2.5390985510395652e-06,5.501132464567361e-07,1.0973307516296517e-05
