Years,English,Polish,Russian,Ukrainian,Lithuanian,German,Japanese,Spanish; Castilian,French,Italian,Chinese,Persian,Portuguese,Arabic,Turkish,Indonesian,Dutch; Flemish
2020,1.0690671402325487e-06,8.059910932363819e-05,3.465493690741429e-06,7.249610942711281e-06,1.8222675111979137e-05,7.339248295079974e-06,4.157550453298045e-07,1.1357109460360538e-06,1.4159278759608745e-06,1.6958363711360657e-06,5.686776807658564e-07,6.753224582372862e-08,9.149541400115945e-07,3.172718783337105e-07,1.540640539677936e-06,3.5423900896714437e-07,4.5779892535209735e-06
2021,1.369016263380346e-06,8.191781063594634e-05,3.715097512023713e-06,7.965213657187436e-06,2.252569788054763e-05,8.160003495825353e-06,3.845641712610173e-07,1.8677987060524929e-06,1.8477633728025472e-06,3.050147822850904e-06,5.161129714121629e-07,6.894884469746756e-08,1.351881571374154e-06,3.313150121745137e-07,1.915634404324483e-06,3.3913117248602603e-07,6.788013355132601e-06
2022,1.3045498257074444e-06,7.924170314243862e-05,4.711390134370224e-06,1.4028968814623403e-05,3.717009908818965e-05,7.780312105661828e-06,4.625870826990831e-07,1.3676870147389951e-06,1.3539827403372618e-06,2.0267216560145226e-06,5.973268249236773e-07,1.0918131170770559e-07,9.871025383920328e-07,4.1775789258545994e-07,1.6632290203292667e-06,3.3375869447778605e-07,5.170788637279801e-06
2023,1.420094854578332e-06,0.0001018431784297985,4.877580037340274e-06,1.1387856899488193e-05,4.862686104696473e-05,1.0213274668996711e-05,4.1143797676437757e-07,1.3161088220318313e-06,1.4997742129643528e-06,2.450684646886703e-06,8.61149391793928e-07,2.537663456631669e-07,1.174386807842406e-06,4.870179668714062e-07,1.8954121001685697e-06,2.599352449317826e-07,5.980875607246183e-06
2024,1.3498121593847054e-06,9.489100556008711e-05,4.117263733675876e-06,1.2077606812024732e-05,4.347930838664345e-05,8.917895367213783e-06,4.7170688584094734e-07,1.600785384101223e-06,1.7809382576195728e-06,2.474051420654286e-06,9.84783722673345e-07,2.1435854578845272e-07,1.236527977242697e-06,4.986168885306621e-07,1.7514886916969002e-06,2.567195150131435e-07,6.073111495431196e-06
