Years,English,Polish,Russian,Ukrainian,Lithuanian,German,Japanese,Spanish; Castilian,French,Italian,Chinese,Persian,Portuguese,Arabic,Turkish,Indonesian,Dutch; Flemish
2020,9.48167667276023e-06,0.00035359489084290193,2.2974110240715496e-05,4.128033022355586e-05,7.587203961481797e-05,1.5058172474959342e-05,4.124419056878956e-06,1.1249242040297264e-05,1.0302984567399722e-05,1.1887169196426728e-05,7.704836734084578e-06,8.489285673227142e-06,1.218751218172246e-05,8.597657798182958e-06,1.5758551805848604e-05,3.086142426259606e-06,1.4233767604024059e-05
2021,1.042628146060563e-05,0.00035243863181526504,2.2523138245932664e-05,4.232214200350585e-05,8.292863461951051e-05,1.4281966465361396e-05,4.306846887961104e-06,1.2280545004755572e-05,1.0790012704160237e-05,1.3609192144823715e-05,6.592630497190257e-06,9.282028007504199e-06,1.1305002006733292e-05,9.227791661954729e-06,1.7129997610929332e-05,4.506409003911389e-06,1.5856974655123975e-05
2022,1.3655402958443997e-05,0.00040095375638862427,3.170936622164322e-05,8.091617799280701e-05,0.00014745343852619843,1.8455185942178354e-05,5.989399340422836e-06,1.5718211767247748e-05,1.1484793206891881e-05,1.629470167457116e-05,1.0368435089145643e-05,1.3599002629780738e-05,1.578288932726485e-05,1.5737631517595e-05,2.027060368526294e-05,7.0559180313143605e-06,1.9784477185538414e-05
2023,1.2250410995639234e-05,0.000393018184350626,3.1720844274123074e-05,7.17033476223595e-05,0.00019500546946050245,2.0107018953207767e-05,4.761079801720474e-06,1.6036884213534135e-05,1.1781532902484018e-05,1.7322440397597704e-05,9.541357660907534e-06,1.1599194252105983e-05,1.505035326080241e-05,1.5092386930902431e-05,2.133191304508483e-05,5.557762116968087e-06,2.0277696597141802e-05
2024,1.1418047540960046e-05,0.0003513375276243122,2.5089572923560488e-05,6.456923052231314e-05,0.0001584454681927017,1.945418070622552e-05,4.67108888623624e-06,1.554616086459146e-05,1.0803520955916043e-05,1.5360898578143187e-05,1.0170666676545284e-05,1.1260490307231687e-05,1.2838934062020652e-05,1.5076555269700197e-05,1.9369543067786386e-05,4.73313122637678e-06,1.8921802674034194e-05
