Years,English,Polish,Russian,Ukrainian,Lithuanian,German,Japanese,Spanish; Castilian,French,Italian,Chinese,Persian,Portuguese,Arabic,Turkish,Indonesian,Dutch; Flemish
2020,5.124740604090152e-06,0.00016846140489275624,1.6429007126477886e-05,3.6811744417442006e-05,2.3249882227596086e-05,2.7259381405942664e-05,1.332879009921926e-06,6.333147430016298e-06,5.784497311415376e-06,8.615283821330527e-06,2.887525801977117e-06,1.0371023465786896e-06,5.306353968810753e-06,1.2411258319305784e-06,5.420772269237183e-06,4.948180999182891e-07,1.960467656485422e-05
2021,5.34769413555832e-06,0.00016752564490080696,1.8372609140275394e-05,4.1754240339346786e-05,3.2399185448823554e-05,2.7182225816446513e-05,1.4208411566107525e-06,5.2221841850729646e-06,6.053883847698492e-06,9.075820703516257e-06,2.3792917031023134e-06,1.0787971676445228e-06,4.443413716866938e-06,1.3980602083238447e-06,5.2003021147778226e-06,7.731341134754497e-07,1.752612988197913e-05
2022,6.637075946115109e-06,0.00017946968450998764,2.217416348552811e-05,6.513665508487496e-05,5.267514833478923e-05,3.1959393090672456e-05,1.6439120791291807e-06,8.87720473764483e-06,6.603231707473637e-06,1.3687261505079282e-05,3.6637579820302626e-06,1.4986872936656966e-06,7.856167003138497e-06,1.8093723504870715e-06,6.846874953352416e-06,1.0984873536696066e-06,2.1646992809152983e-05
2023,6.9729345857058116e-06,0.00019636386092815322,2.1994295236906706e-05,6.051329886622113e-05,7.790421559941864e-05,3.630846131498594e-05,2.1660707516040855e-06,8.2253208069321e-06,6.990692582358188e-06,1.594765750222626e-05,4.406809912389109e-06,1.6819239322333857e-06,7.580833113991948e-06,1.9091242169148754e-06,7.134458913459415e-06,1.2026337332177142e-06,2.5038278991361815e-05
2024,6.880138207024773e-06,0.0002045026070788801,1.881193422892317e-05,5.867002732391459e-05,7.97076169093388e-05,3.509461903321543e-05,2.169943268438424e-06,9.228032436533598e-06,7.53894623045694e-06,1.5998527620861984e-05,4.432703640097229e-06,1.4372620837235332e-06,7.230484951383363e-06,1.896875017820493e-06,7.00536523844977e-06,1.0096196052617744e-06,2.6189181260679913e-05
