Years,English,Polish,Russian,Ukrainian,Lithuanian,German,Japanese,Spanish; Castilian,French,Italian,Chinese,Persian,Portuguese,Arabic,Turkish,Indonesian,Dutch; Flemish
2020,2.4068245162217206e-06,0.000117477233579655,9.529226398525608e-06,1.7918783491566744e-05,1.1902540296430447e-05,8.450181352026846e-06,6.380725792658583e-07,1.6979514026672254e-06,2.90603033876088e-06,2.9836608020508e-06,9.714314388648514e-07,7.664909900993198e-07,1.683591626272633e-06,7.161918663678706e-07,2.2441182040917237e-06,1.86762113610185e-07,5.118238529989499e-06
2021,2.6754545144751952e-06,0.0001238382444045811,1.0053281777721246e-05,2.1888905446826343e-05,1.5113364742667971e-05,8.803808708954866e-06,7.094012151967912e-07,1.783414946345884e-06,3.0518205800578624e-06,3.212471569476595e-06,8.952916530955932e-07,6.831821502035657e-07,1.8969395552466632e-06,6.492585664585761e-07,2.3483602737293526e-06,2.605433642481369e-07,5.937852342284176e-06
2022,3.2519397147775873e-06,0.00013426220370132134,1.2164807311219156e-05,3.614068469619484e-05,3.16319812272091e-05,1.0082652462021901e-05,8.313243648217725e-07,2.1674663807280574e-06,3.301447601387344e-06,4.033079543116297e-06,1.2627496751678126e-06,8.877626506270743e-07,2.48757903140048e-06,9.99258120992536e-07,3.195884420922318e-06,3.459101032573171e-07,6.696639629220598e-06
2023,2.973270323626422e-06,0.00016316328755877814,1.1293582040594376e-05,2.931095816054238e-05,4.0201253155684075e-05,1.0380222625337838e-05,8.562528558315e-07,2.3421658490661853e-06,3.2886587649255795e-06,4.000855712019545e-06,1.4624528217624847e-06,1.0323907958103937e-06,2.459036460534397e-06,1.017119618002491e-06,2.801160298849523e-06,4.796671719807828e-07,7.207335377777821e-06
2024,3.0579047582159456e-06,0.0001442872742105012,8.667301854710334e-06,2.9503798581964244e-05,4.5205313262233555e-05,1.0547659150467002e-05,1.0945431622911302e-06,2.598882979284461e-06,3.601253443112589e-06,6.094892898531435e-06,1.605456383332331e-06,1.2943563865312313e-06,2.6404987638858506e-06,9.993646184653013e-07,2.7660669611046297e-06,4.3649508575063894e-07,6.935716808036681e-06
