Years,English,Polish,Russian,Ukrainian,Lithuanian,German,Japanese,Spanish; Castilian,French,Italian,Chinese,Persian,Portuguese,Arabic,Turkish,Indonesian,Dutch; Flemish
2020,4.466963241096047e-06,1.9141260157126468e-05,6.863597598111174e-06,5.360899590480483e-06,1.562921425505723e-05,3.421337034732914e-05,1.5302013974444637e-06,7.013894285127942e-06,1.707718599596018e-05,1.4094343298121155e-05,3.7010025706184658e-06,4.453751612074902e-06,5.139609990023594e-06,3.7509663547772754e-06,6.712790922882436e-06,1.420508576073119e-06,2.630709220399604e-05
2021,5.264702674321779e-06,2.0470204072809113e-05,7.4995370511281525e-06,5.400677486034372e-06,1.55680648280491e-05,3.327552715112673e-05,1.6759084588922597e-06,8.218506484965704e-06,1.6744614437829952e-05,1.5381521279782327e-05,3.915946804222016e-06,4.2832367669378015e-06,5.965213311649478e-06,4.132151917535275e-06,6.904634705679459e-06,2.3031183801608407e-06,2.8698850103784833e-05
2022,5.398477681537697e-06,2.1886376847078052e-05,8.091027568422072e-06,1.0357051845855768e-05,1.678242999753894e-05,3.347534611137728e-05,2.0017404669523957e-06,9.8643411993894e-06,1.6185988187673534e-05,1.649412617013049e-05,4.631297000949668e-06,4.800297446205078e-06,7.911267349052824e-06,4.804020368150663e-06,8.301566493617533e-06,2.751078947685829e-06,3.406625241748962e-05
2023,5.5510473996194695e-06,2.8501585526907803e-05,8.974050974202121e-06,1.4687465077919246e-05,1.7430884542523457e-05,3.570982924535218e-05,2.345313737754232e-06,1.1075436628010716e-05,1.8208448860263844e-05,1.8311263769943565e-05,5.3508393831379155e-06,5.50540481635513e-06,9.63172202819423e-06,5.237252658606524e-06,9.69957246118826e-06,3.1427904013885395e-06,4.059376288542873e-05
2024,5.24752137288299e-06,2.67687027701467e-05,7.770091271789389e-06,1.3671092108689775e-05,1.3861420598811235e-05,3.7379410958005834e-05,2.6409174057188416e-06,1.0329040636557977e-05,1.7709085112493763e-05,1.7383409341094935e-05,4.71895902997525e-06,4.405461277559811e-06,9.238028655632814e-06,5.836800773774314e-06,1.0745333013651766e-05,2.960544098905075e-06,4.0375195362043395e-05
