Years,English,Polish,Russian,Ukrainian,Lithuanian,German,Japanese,Spanish; Castilian,French,Italian,Chinese,Persian,Portuguese,Arabic,Turkish,Indonesian,Dutch; Flemish
2020,2.2630268374666864e-06,8.300961670476189e-06,4.185009223971415e-06,3.896709737234068e-06,7.1187078066830015e-06,3.275599633947638e-05,1.4863682667838108e-06,2.683534542149463e-06,3.3963445260841992e-06,7.043791146674017e-06,1.6522916732564551e-06,1.2725004605928293e-06,2.3486673251387974e-06,1.5274534495102372e-06,5.014825714337917e-06,4.2884235326251714e-07,7.579558823397894e-06
2021,2.412294132650915e-06,9.121702065354967e-06,3.9047535074890475e-06,3.7564562647042902e-06,8.23512376856932e-06,3.075321315288657e-05,1.551772684780123e-06,2.8534115018803046e-06,3.4293018730923328e-06,7.189788015234054e-06,1.5654751734744415e-06,1.3318898780583977e-06,2.3271880638432356e-06,1.6926037112996177e-06,4.526540344432521e-06,6.818023363341191e-07,8.246504108335567e-06
2022,2.6310989026760883e-06,8.872191023463438e-06,5.016680811870108e-06,8.624427956198256e-06,9.202183699201373e-06,3.3419739897148175e-05,1.5285775859629826e-06,3.504191003190667e-06,3.661171124563684e-06,8.651617442474121e-06,1.976894751979261e-06,1.7174588358515486e-06,3.041270312295671e-06,2.0196190728546836e-06,6.29415555330397e-06,9.316080064307134e-07,9.943145543123104e-06
2023,2.765545659158434e-06,1.0423753142351393e-05,5.508967300991577e-06,1.0139561254433792e-05,1.0409544633122906e-05,3.6208210452450425e-05,2.3910491146933987e-06,3.742405981308715e-06,4.3051303651973e-06,1.0123081473339696e-05,2.4844995096907557e-06,1.8578957756785268e-06,4.171785983864618e-06,2.2558617078367686e-06,7.5285920208352275e-06,1.5797131285320867e-06,1.3993289326015443e-05
2024,2.7702490065158853e-06,9.795895951660944e-06,5.097740146529756e-06,1.1560064578919846e-05,1.1743950699891418e-05,3.494520851000766e-05,1.8115376287693702e-06,4.85865002209038e-06,4.482626381896899e-06,9.524572500856345e-06,2.3731495225371447e-06,1.7962357249960617e-06,4.194920277791572e-06,2.136381591627529e-06,7.875509065088821e-06,2.475150057913837e-06,1.3356147934285927e-05
