Years,English,Polish,Russian,Ukrainian,Lithuanian,German,Japanese,Spanish; Castilian,French,Italian,Chinese,Persian,Portuguese,Arabic,Turkish,Indonesian,Dutch; Flemish
2020,1.61300449749584e-05,7.029523797859534e-05,3.7669333755924646e-05,4.676519476966264e-05,9.856672347714926e-05,0.0001533743454615516,1.0173610986697851e-05,2.556989804420439e-05,2.5264626191593086e-05,3.341376745894703e-05,1.589722824585774e-05,2.8059165766574787e-05,2.3553893402380517e-05,2.5802293955016962e-05,4.711751559495453e-05,1.2184705395834054e-05,6.023142215528726e-05
2021,1.7942938269870343e-05,7.462927570450543e-05,3.468807147715591e-05,4.7207667584700286e-05,0.00010077019987446524,0.0001456714973217689,1.0048201949025842e-05,2.505210565476047e-05,2.4745078750748392e-05,3.3043421942256005e-05,1.5145025914502764e-05,2.8955571834443187e-05,2.490188816366247e-05,2.580282800532656e-05,4.871835343732489e-05,1.6542379634939453e-05,6.229261911454013e-05
2022,2.096718035071952e-05,8.212363325941127e-05,3.818295791674432e-05,6.110707773801353e-05,0.00013430986290469073,0.00014556207846980676,1.1185863631077774e-05,2.81314601927893e-05,2.40295762154727e-05,3.696954471243537e-05,1.843541634224945e-05,3.888285912490862e-05,3.132085089738614e-05,2.9368497086707107e-05,5.9532062811869304e-05,2.0233715805756463e-05,8.138324463242952e-05
2023,2.065115620448835e-05,8.814471299627662e-05,3.839601227693136e-05,6.216226121865644e-05,0.0001266290488311657,0.00015350756844107326,1.1013926720685524e-05,3.090091280408541e-05,2.5908619590144497e-05,3.9162401556953395e-05,1.9169189689908294e-05,3.353044959791954e-05,3.441390897949875e-05,2.5795408109428812e-05,5.802148248705107e-05,1.7286733528943268e-05,7.306068815170899e-05
2024,1.9063869243850066e-05,8.178251026500058e-05,3.4110258362969165e-05,5.85182668194703e-05,0.00011704804197558447,0.00014022358550049824,1.1224792011613223e-05,3.7052604282570736e-05,2.3607246223749983e-05,3.850326326585122e-05,1.7968727009661353e-05,2.7830029829054892e-05,2.8558734049836052e-05,2.4332077992015512e-05,5.581005821415478e-05,1.5462856390273456e-05,6.491816697911234e-05
