Years,English,Polish,Russian,Ukrainian,Lithuanian,German,Japanese,Spanish; Castilian,French,Italian,Chinese,Persian,Portuguese,Arabic,Turkish,Indonesian,Dutch; Flemish
2020,1.4962083796254516e-06,7.0191863998181415e-06,2.7813318746341267e-06,2.262945180536591e-06,6.160420217321829e-06,2.982600456742503e-05,1.1096085818410756e-06,1.1531470495531308e-06,1.7248392595190078e-06,2.3520947692226086e-06,1.046015468142443e-06,1.0530206616657111e-06,1.2712446929756112e-06,1.427909863711059e-06,4.599912468466981e-06,1.9335968827576218e-07,1.094406508669726e-05
2021,1.4526372142321175e-06,6.716096123824625e-06,2.267292509919001e-06,2.491584376350022e-06,6.207017038536034e-06,2.610389940319137e-05,9.61523690720164e-07,1.2123832308157583e-06,2.2144329133725253e-06,2.5460979707696104e-06,7.759609751294849e-07,1.0258242747672003e-06,1.2189896037422573e-06,1.4593460569884128e-06,4.893471637202732e-06,2.895712934170869e-07,1.0108431757656012e-05
2022,1.5916602639520355e-06,6.798625058221208e-06,3.3346501223314268e-06,6.919171219481958e-06,6.907940639948427e-06,2.5595874654658455e-05,7.698681511346576e-07,1.2382978482932692e-06,1.8984473432365304e-06,2.2398390306703593e-06,9.752118105048093e-07,1.2672392695961784e-06,1.3580219401567722e-06,1.7452822715497324e-06,5.434017679604727e-06,3.515807606877649e-07,1.212399929628404e-05
2023,1.5017005824460894e-06,8.77555605424971e-06,3.2341583417035276e-06,8.835710981885398e-06,6.457999846902133e-06,2.9677538859745464e-05,6.945101914292793e-07,1.2187541396012276e-06,1.8802489215807778e-06,2.185755275110709e-06,1.367521302755494e-06,1.401999609841887e-06,1.5457800725579925e-06,2.101105113976003e-06,6.0267716364114595e-06,5.496763979490762e-07,1.3247135867854016e-05
2024,1.4366398811546984e-06,9.094139770527947e-06,3.4221216460972874e-06,1.0108611549234717e-05,7.517907834400188e-06,2.634464248239571e-05,6.432616425749463e-07,1.990159988060322e-06,1.754607181230036e-06,2.131772005565964e-06,1.2567353960425973e-06,1.2047839160422767e-06,1.4712311117723014e-06,1.911364739367538e-06,5.602287794411189e-06,3.6314665288974077e-07,1.340596837313278e-05
