Years,English,Polish,Russian,Ukrainian,Lithuanian,German,Japanese,Spanish; Castilian,French,Italian,Chinese,Persian,Portuguese,Arabic,Turkish,Indonesian,Dutch; Flemish
2020,1.028235046080828e-06,4.6962209480539935e-06,1.854255808619352e-06,1.4232580282754684e-06,3.1410537651282905e-06,1.8455403104308168e-05,2.9920876146619565e-07,1.0472005561485186e-06,1.582764673247077e-06,2.1159005372573062e-06,8.079595938728696e-07,3.0167618955828485e-06,9.31818559518558e-07,2.511331812521591e-06,3.0413385468457034e-06,2.400502166783084e-07,4.5408644314457005e-06
2021,1.1685687844733976e-06,5.3385435510745515e-06,2.2832401668021955e-06,1.7048273277818395e-06,4.777959627338203e-06,1.937787895942965e-05,4.6769889589451036e-07,1.2510809591284166e-06,2.0405148307179002e-06,2.613643112730443e-06,7.655234354118227e-07,3.268763826358599e-06,1.1862689032886154e-06,2.808006156994757e-06,3.241015539416884e-06,4.1488698763426145e-07,5.646962219761701e-06
2022,1.321329307115593e-06,5.822203357016187e-06,3.4728188923403784e-06,6.864436913599531e-06,4.084256874714034e-06,1.8518996351949453e-05,7.100774174932639e-07,1.644666881748194e-06,2.0478554295698278e-06,2.9413357597681533e-06,1.0189467225416102e-06,4.185692534232488e-06,1.6224364050017448e-06,3.864162808124441e-06,4.104828938891895e-06,5.04688511309856e-07,7.000723812667875e-06
2023,1.308347356594159e-06,6.645871588176842e-06,3.2661952962750706e-06,7.227151994900261e-06,4.1638178532491625e-06,2.2757971904697004e-05,7.209410897392908e-07,1.8633456245526752e-06,2.2907580904736426e-06,2.8992702365472506e-06,1.149961095498938e-06,3.8139688925841695e-06,2.4348836469006784e-06,4.376957651309262e-06,4.936950283186858e-06,8.352585870474614e-07,8.191929059483947e-06
2024,1.3349639306335514e-06,7.425433359701195e-06,3.6045314664952042e-06,1.1240978390088264e-05,3.7189177216322825e-06,2.0317866588823804e-05,7.782705648525301e-07,2.833423427527061e-06,2.727061706979971e-06,3.276750101883119e-06,1.1902864851727467e-06,3.0605067015920716e-06,2.5127041461404704e-06,3.57853505383929e-06,4.966776246229008e-06,2.9914654970719243e-06,8.157029280339497e-06
