Years,English,Polish,Russian,Ukrainian,Lithuanian,German,Japanese,Spanish; Castilian,French,Italian,Chinese,Persian,Portuguese,Arabic,Turkish,Indonesian,Dutch; Flemish
2020,4.490364028370222e-06,1.2666572140629765e-05,7.200650191559399e-06,6.787666060896318e-06,1.785000771611646e-05,3.47364438935677e-05,4.581148550435023e-06,5.63370848087999e-06,6.98596875352414e-06,7.4326958994930524e-06,4.909263844915451e-06,8.361456779346513e-06,5.105168569903739e-06,6.119880003346484e-06,1.513903497507864e-05,2.069100916273707e-06,1.727412430144231e-05
2021,4.734357673490138e-06,1.2862674046194274e-05,6.930165326583208e-06,6.732889492668371e-06,1.819522087691784e-05,3.197151289611373e-05,3.897364951823563e-06,5.286039804478276e-06,6.568081494477508e-06,7.390269381919624e-06,4.278300795017274e-06,7.604973486173723e-06,5.333761197631827e-06,5.7720126560447785e-06,1.3515091736982802e-05,2.81500113111574e-06,1.7740257333280396e-05
2022,5.164904528777055e-06,1.5328096100878374e-05,8.601372428468398e-06,1.1826384850320227e-05,2.4236618984928546e-05,3.0195389762778084e-05,4.251720734719547e-06,6.2137465522081564e-06,5.752211323831949e-06,8.274009968928236e-06,5.560472061942055e-06,1.0644973432116076e-05,7.013198906193088e-06,7.122596211658178e-06,1.5706865519725316e-05,3.785568881783238e-06,2.1513277219556747e-05
2023,5.138111706334971e-06,1.6609445411985896e-05,8.918865931067326e-06,1.1780106239066986e-05,2.5423781951015474e-05,3.456366534103111e-05,4.119070575534972e-06,6.910553486429825e-06,6.616522817692924e-06,7.997841273853784e-06,6.110925821512374e-06,1.1044101603091774e-05,7.718749180248254e-06,7.724042914075169e-06,1.3700998005988573e-05,3.1414040800822364e-06,2.39481686590066e-05
2024,4.58688991487083e-06,1.5622798518648685e-05,8.270158815688548e-06,1.243366030322095e-05,2.119249285389497e-05,3.197043982302662e-05,4.3660822979157824e-06,8.417546388902006e-06,6.134901425340327e-06,8.055796990689094e-06,5.7763476934082955e-06,8.423231022545292e-06,6.60673393623832e-06,6.293227002506228e-06,1.244965943832216e-05,2.673622288008032e-06,2.0847006775187526e-05
