Years,English,Polish,Russian,Ukrainian,Lithuanian,German,Japanese,Spanish; Castilian,French,Italian,Chinese,Persian,Portuguese,Arabic,Turkish,Indonesian,Dutch; Flemish
2020,1.7862954385444149e-06,7.383634006442638e-06,2.8933025916209256e-06,2.4149776732858194e-06,4.122157725664729e-06,2.4278518028411664e-05,9.02390755122571e-07,1.5567632932556394e-06,2.1702229191648472e-06,2.3609134711005915e-06,1.9173204019497057e-06,1.1948383778955414e-06,1.6543758009295836e-06,1.7373524712515757e-06,3.302187738748846e-06,5.43031145551353e-07,8.100968637917773e-06
2021,1.8133235228731701e-06,7.304111497634551e-06,2.839995074192714e-06,2.4410792876402245e-06,4.323259541957075e-06,2.2720835050004153e-05,9.16143155293525e-07,1.7145801609951514e-06,2.307320980244882e-06,2.6081041033669125e-06,1.7818593923973193e-06,1.2599980948677455e-06,1.8260447042637723e-06,1.6695750893771738e-06,3.0752638175103403e-06,8.481819303512717e-07,8.01621609467194e-06
2022,1.8454080581579883e-06,9.046486516914166e-06,4.058020440117019e-06,5.437570180940404e-06,5.395252908572859e-06,2.308518824607751e-05,1.0212723640362835e-06,2.0609280533105905e-06,2.1987217029319035e-06,2.7798300063222146e-06,1.9335434795217304e-06,1.5845602354582742e-06,2.062567216878383e-06,1.9262195065984395e-06,4.18786361940376e-06,8.222453274149341e-07,1.1080746193698183e-05
2023,2.142885321735424e-06,1.097477208266935e-05,4.401562744125529e-06,5.8509123592536345e-06,7.282599068820104e-06,2.7072247764784683e-05,1.200034949549773e-06,2.453797940632773e-06,2.3895737574900204e-06,3.524475407391795e-06,2.237127845463185e-06,1.5986940062796027e-06,2.738719041597313e-06,2.418890369075392e-06,4.2179821972046065e-06,9.96071858578591e-07,1.2231024225564397e-05
2024,1.9266860591876327e-06,1.0585274727786238e-05,3.921433087113968e-06,6.495544154964892e-06,6.539245276075903e-06,2.491019806131514e-05,1.1716649482868734e-06,3.368163162894728e-06,2.6401691548944997e-06,3.212244293639899e-06,2.103913744707532e-06,1.4834158376014296e-06,2.4542938637914738e-06,2.4602694850320616e-06,4.110781099697908e-06,8.28405829958379e-07,1.2299954630732676e-05
