Years,English,Polish,Russian,Ukrainian,Lithuanian,German,Japanese,Spanish; Castilian,French,Italian,Chinese,Persian,Portuguese,Arabic,Turkish,Indonesian,Dutch; Flemish
2020,3.2152066741602663e-06,1.452264730247633e-05,6.212508614150898e-06,6.818072559446164e-06,1.994150840718251e-05,4.773360733467786e-05,2.9667992700500417e-06,4.010673217900545e-06,5.485109855170424e-06,6.387679726952108e-06,3.967870357567876e-06,4.6428419003813425e-06,3.685944533930406e-06,3.782656260368774e-06,8.251801155110978e-06,8.353544538107731e-07,1.5660579795722984e-05
2021,3.3260095500438764e-06,1.404844014768515e-05,5.684633137098257e-06,6.316503094638704e-06,2.3442315512982603e-05,4.049934070592222e-05,2.8064199005023034e-06,4.186342960848361e-06,5.195105186889859e-06,6.357859581105985e-06,5.3867051993630455e-06,5.163595796184735e-06,3.5677044441997314e-06,4.902125034393758e-06,9.681292367694041e-06,9.940295744684353e-07,1.598221901343226e-05
2022,3.6337104483439913e-06,1.6702278465032002e-05,7.931052321448842e-06,1.411578874809208e-05,3.0514273070137153e-05,3.7370515839261635e-05,3.1584996327081046e-06,4.835277106932018e-06,5.594839292956863e-06,7.3165617305650305e-06,5.168008772348656e-06,5.707279279042873e-06,4.662698784140447e-06,4.989256328006143e-06,1.34326026672324e-05,1.4038927609951534e-06,2.2107191640352208e-05
2023,3.6256243482888445e-06,1.9689394563464635e-05,8.664144364517284e-06,1.4703458076743273e-05,3.4967905618561105e-05,4.275057968929976e-05,3.1383308948986394e-06,5.533789630954517e-06,6.148925247205911e-06,7.982712504947585e-06,5.753611195405883e-06,5.795180844267689e-06,5.591201335817213e-06,5.740125421285492e-06,1.3688004606844315e-05,1.7127999739371595e-06,2.5902282215183264e-05
2024,3.5782046120486926e-06,1.900518576959027e-05,8.272521637196293e-06,1.4825833895711392e-05,2.6219259630742433e-05,3.671600755530614e-05,2.9630519916416788e-06,5.3297079676069065e-06,5.455200594357695e-06,7.3020212539143895e-06,5.00304170342156e-06,4.788366494917175e-06,5.519240679413366e-06,4.882609993073329e-06,1.2711999548657105e-05,1.3260246097597664e-06,2.50532752549717e-05
