Years,English,Polish,Russian,Ukrainian,Lithuanian,German,Japanese,Spanish; Castilian,French,Italian,Chinese,Persian,Portuguese,Arabic,Turkish,Indonesian,Dutch; Flemish
2020,1.4818731442857668e-06,8.855393889753319e-06,3.706956468391665e-06,2.9517693207619412e-06,4.23623958154106e-06,3.379833249286706e-05,3.842362390019103e-07,1.030651034166208e-06,1.9996885971570566e-06,2.3479793750128834e-06,9.236159242046966e-07,9.112029454358811e-07,7.280203632231406e-07,1.0692546968990385e-06,1.7142682830384653e-06,2.4715529708739155e-07,7.146805300401056e-06
2021,1.5911811340127443e-06,1.0316554497125468e-05,4.275082324605765e-06,4.695850914706528e-06,5.247094636064764e-06,3.0587822901438625e-05,4.0895337748864514e-07,1.0757619055764872e-06,1.7731274041766986e-06,2.6322603386467546e-06,8.202036807983814e-07,1.2066047822056823e-06,8.228969140402759e-07,1.1250596097271322e-06,1.6138650480289812e-06,3.929390411894456e-07,7.586806866186382e-06
2022,1.8038924107648057e-06,1.1563313442342667e-05,6.051388981439797e-06,8.953777486421825e-06,6.790287149730328e-06,3.107333997213663e-05,4.0737641918342294e-07,1.2790534572960514e-06,1.9875089202249976e-06,2.9125456037190946e-06,1.0584615992064391e-06,1.2745998074641136e-06,1.1255253586158306e-06,1.335731035413566e-06,2.3091247412574386e-06,5.638253673702404e-07,8.341952264658539e-06
2023,1.8267792452861114e-06,1.3173614285484976e-05,6.236650613066015e-06,9.339069576452177e-06,8.36029310142577e-06,3.5639335547745326e-05,4.5058818108705676e-07,1.3003940898284661e-06,1.938254405931459e-06,3.2303439933084865e-06,1.193726851477662e-06,1.2712097262002281e-06,1.3137030372079135e-06,1.8894780568924622e-06,2.329608188239176e-06,5.177910079041109e-07,1.0626348928030823e-05
2024,1.8259388058289935e-06,1.4774100021134803e-05,5.704229171137751e-06,1.0320687125958147e-05,8.65671517499572e-06,3.603409585942015e-05,5.186027937148435e-07,2.3519599607930284e-06,2.0300063029224174e-06,3.574998866962726e-06,1.2896882619235586e-06,9.808527398198898e-07,1.4563630399016477e-06,1.9365086679344686e-06,2.5190545875533e-06,3.6530395973859074e-07,1.1633784191294776e-05
