Years,English,Polish,Russian,Ukrainian,Lithuanian,German,Japanese,Spanish; Castilian,French,Italian,Chinese,Persian,Portuguese,Arabic,Turkish,Indonesian,Dutch; Flemish
2020,8.40829411774717e-06,2.4099175596138257e-05,1.3394393342956028e-05,1.57072954624222e-05,3.577607000281714e-05,6.333523744866379e-05,4.863058618195677e-06,9.557718353757097e-06,1.2649456164960269e-05,1.4531016019445929e-05,6.953887946152662e-06,1.2311128413665727e-05,9.540748427270435e-06,9.498769584237692e-06,2.07179470669071e-05,2.6578075787405947e-06,3.645657527791805e-05
2021,8.48064146878822e-06,2.4314046292885583e-05,1.2650327420788328e-05,1.7694738413303807e-05,4.136327284633722e-05,5.61920364441246e-05,4.687107081652541e-06,1.0308620582791818e-05,1.3931233689005136e-05,1.456651759648727e-05,6.171701656636178e-06,1.2594935911260567e-05,9.778610032939714e-06,9.141620044438488e-06,2.0725291639917456e-05,3.057136540281128e-06,3.990504577619828e-05
2022,1.0640443104627605e-05,2.882920849251218e-05,1.620541921930587e-05,2.93139955797556e-05,6.825583196795758e-05,5.554625270118846e-05,5.137506297036405e-06,1.2984915086772326e-05,1.4107622998732342e-05,1.7492653045783206e-05,8.110140705771702e-06,1.5551180839865334e-05,1.3670933385694969e-05,1.1723013341233515e-05,2.5752160304092015e-05,4.633737214594505e-06,5.4179249122645186e-05
2023,1.178791296461799e-05,3.514970006870874e-05,1.7968379673985652e-05,3.0039060475425762e-05,5.1370082220870064e-05,6.010413738838473e-05,6.048977191386122e-06,1.534974796578821e-05,1.5749406083966486e-05,1.940141471077745e-05,1.0015380969623956e-05,1.4296183566992036e-05,1.87936893332515e-05,1.480837928426263e-05,2.8479906749319512e-05,7.348196084058206e-06,5.553190585589285e-05
2024,1.081645937078544e-05,3.457370480461541e-05,1.8554103145998035e-05,3.897812904852154e-05,5.826600994968856e-05,5.707740482251781e-05,5.5805214434235725e-06,1.4727454455198039e-05,1.4319796834316945e-05,1.8690195546291852e-05,9.573350717527199e-06,1.5610225200479668e-05,1.574953613155671e-05,1.2577930639396546e-05,2.874952845102078e-05,6.199380781311793e-06,5.4715652823832116e-05
