Years,English,Polish,Russian,Ukrainian,Lithuanian,German,Japanese,Spanish; Castilian,French,Italian,Chinese,Persian,Portuguese,Arabic,Turkish,Indonesian,Dutch; Flemish
2020,3.111615513458549e-06,1.1915946661227693e-05,5.749385287502721e-06,5.740980822353554e-06,1.498275040509136e-05,2.992757052540358e-05,1.513708998784519e-06,3.582749863786518e-06,8.042004223250439e-06,6.2299719417008506e-06,2.1858229073490353e-06,4.922618347365361e-06,4.99970656622639e-06,5.605385065508034e-06,7.835257601790646e-06,1.4052834037679408e-06,1.3863627586915368e-05
2021,2.97029171300875e-06,1.1129781057151777e-05,5.050562374185415e-06,6.069589327613027e-06,1.5539194981358236e-05,2.7946355817414178e-05,1.5081288420569996e-06,3.7177772392476893e-06,5.311244334331016e-06,5.615170742279245e-06,2.0991917566492286e-06,4.976929411759883e-06,4.297031635890119e-06,5.531326414016657e-06,9.079651575582886e-06,1.4967083478819602e-06,1.543275989311203e-05
2022,3.475258098446395e-06,1.3008681755400382e-05,6.413211576111779e-06,1.153950159190199e-05,1.7992580182639395e-05,2.8208860291602592e-05,1.8764130935118702e-06,4.8723726248350355e-06,4.70265316781043e-06,6.100002087760298e-06,2.779276932022852e-06,5.9972026872854315e-06,5.399161944166089e-06,7.499320821997171e-06,1.3734316468176278e-05,2.286085038389107e-06,1.8052283354829823e-05
2023,3.8843211722285375e-06,1.6444962146219342e-05,7.562480533614923e-06,1.1961079646812567e-05,2.1039526682006062e-05,3.526767881887774e-05,2.0681952407973875e-06,7.3679096864704455e-06,7.647553106724597e-06,9.175598341609614e-06,3.5928091369394106e-06,8.167403590942247e-06,8.964194265882615e-06,1.116970364642722e-05,2.466688549211093e-05,9.329942391418116e-06,2.3932409678714852e-05
2024,4.387667984739453e-06,2.1093007336110265e-05,8.403800000166607e-06,1.4747035172249934e-05,2.2802837608955837e-05,3.460564853892508e-05,2.197970900878682e-06,1.3829249863702864e-05,1.0132676941537165e-05,1.042004358045745e-05,3.229380856334212e-06,6.2324661718078046e-06,1.1971629869565853e-05,7.832120664458554e-06,2.8530813437685353e-05,5.406930065500912e-06,3.580594939923216e-05
