Years,English,Polish,Russian,Ukrainian,Lithuanian,German,Japanese,Spanish; Castilian,French,Italian,Chinese,Persian,Portuguese,Arabic,Turkish,Indonesian,Dutch; Flemish
2020,5.281410306293691e-06,3.13903007552435e-05,1.3289887340435016e-05,1.38080587837703e-05,3.07868901724923e-05,4.347377507443443e-05,3.3574125698671305e-06,6.959147875356103e-06,8.631815439445584e-06,1.1445940145798329e-05,6.223373138844744e-06,5.691521203386957e-06,5.650768170009303e-06,4.823203631026102e-06,9.979111897744599e-06,1.2139537384662025e-06,2.4344463550404743e-05
2021,5.178271501973443e-06,3.055960031294399e-05,1.182841748408039e-05,1.3050514922611737e-05,3.603678613187258e-05,3.9379644197073286e-05,3.453979753778267e-06,6.250862398639242e-06,8.530356439081395e-06,1.1550373136673596e-05,5.499337157808863e-06,5.657168623470264e-06,5.166713411105339e-06,4.892096440975919e-06,8.973368028711514e-06,1.3459047158579029e-06,2.0976409946342935e-05
2022,6.4462656423939534e-06,4.2975764616735095e-05,1.537576523228262e-05,2.5239120876301823e-05,5.974276156860507e-05,4.558402972681392e-05,4.433424607707738e-06,7.811722542089086e-06,1.0064631209094676e-05,1.3774334172154484e-05,6.9452191233177865e-06,6.668647308349299e-06,6.63959168267643e-06,7.243351299412067e-06,1.1423290169349864e-05,2.098143249265694e-06,3.0286241663878278e-05
2023,6.7684776475847445e-06,5.694934016683746e-05,1.6822271513041846e-05,2.493308516665975e-05,5.9150706562333694e-05,5.430549205292476e-05,3.958771236637735e-06,8.062807478780226e-06,9.198798589399337e-06,1.2815650506808068e-05,9.325277455060886e-06,7.281089808030329e-06,7.761454155078888e-06,7.247365031426086e-06,1.3541287474840407e-05,2.358132542021132e-06,3.272112447011671e-05
2024,6.710896806468942e-06,5.5599250496793556e-05,1.5823343073066945e-05,2.4659136324704223e-05,6.272337305623826e-05,5.3651199219048795e-05,3.746268609277784e-06,7.859706396431474e-06,8.889132015685865e-06,1.2908228296176262e-05,9.329825417472841e-06,6.496055388399346e-06,6.65594017409596e-06,5.945899853657946e-06,1.4862598925065819e-05,2.479464671611537e-06,3.251210667090032e-05
