Years,English,Polish,Russian,Ukrainian,Lithuanian,German,Japanese,Spanish; Castilian,French,Italian,Chinese,Persian,Portuguese,Arabic,Turkish,Indonesian,Dutch; Flemish
2020,1.1952320554003818e-06,6.7525249908825e-06,2.312817365316215e-06,2.6593991423980406e-06,6.738434953761902e-06,2.41089755523096e-05,9.311974781152743e-07,1.2477896283894687e-06,2.375379518111145e-06,2.798615040977797e-06,1.3929844591379242e-06,1.3844110393864367e-06,1.0805104836222076e-06,2.5031297193096737e-06,5.96611011105969e-06,2.9435333123344376e-07,1.1415051635413408e-05
2021,1.275379683114819e-06,5.5342241638821585e-06,2.2745597965999505e-06,2.497196052873333e-06,7.101982285952858e-06,2.2744359222008464e-05,6.282297084020546e-07,1.2227783316491813e-06,2.2319874792019695e-06,2.564561335314713e-06,1.3182456879232485e-06,1.536634313227097e-06,1.0192211167621275e-06,2.2467763549816517e-06,5.5615396461084965e-06,3.5895512411360165e-07,1.066539399621591e-05
2022,1.4897361738568396e-06,6.342521272201726e-06,3.60338288256767e-06,6.348235787432506e-06,6.412115216886435e-06,2.2867118702843897e-05,6.621948661787774e-07,1.430699934483588e-06,2.092947059228976e-06,2.745246709116943e-06,1.4850688113548844e-06,2.1210616622766625e-06,1.1628188854236983e-06,2.4072858917927343e-06,6.860819708858225e-06,4.779554119948878e-07,1.3816825085385617e-05
2023,1.5562027606805218e-06,7.714638990055432e-06,3.5221205634304014e-06,4.2078421642798044e-06,6.907039027154493e-06,2.6613371759402065e-05,7.071392895978855e-07,1.5921706725068009e-06,2.3873956859432556e-06,3.1239148632125524e-06,1.8793903618110057e-06,2.2312414435283533e-06,1.6528925504118752e-06,2.625692053521849e-06,7.051084602283763e-06,5.26108935741928e-07,1.588710765324977e-05
2024,1.4417750301709179e-06,8.038403814049963e-06,3.1371653722632366e-06,5.947844385720436e-06,6.9840918934960325e-06,2.5593970926348357e-05,6.798074770313613e-07,2.3348949059963173e-06,2.2838618166597237e-06,3.0863130106931634e-06,1.8314188922303517e-06,1.9097397715698516e-06,1.3993687643974752e-06,2.5374059438560358e-06,6.872721362437718e-06,4.0773099443263967e-07,1.576888061558345e-05
