Years,English,Polish,Russian,Ukrainian,Lithuanian,German,Japanese,Spanish; Castilian,French,Italian,Chinese,Persian,Portuguese,Arabic,Turkish,Indonesian,Dutch; Flemish
2020,4.670052810398062e-06,1.4058550903921285e-05,1.1080746564921392e-05,1.0693731643838031e-05,1.3849537303386481e-05,3.9972674198357105e-05,4.61479304370131e-06,4.827805865777123e-06,7.3358890476307966e-06,9.266985890113446e-06,6.0925956628511585e-06,9.835106857857162e-06,5.467872352821108e-06,6.975880276735672e-06,1.1412152145762489e-05,1.761044929965603e-06,2.0227487012803577e-05
2021,4.850734566105865e-06,1.3862170376952866e-05,9.899356608437246e-06,1.2630761518668085e-05,1.657129200055667e-05,3.687310311109656e-05,5.4400011228156276e-06,5.08040898631124e-06,7.692387495381838e-06,8.346979388098342e-06,5.855615565783393e-06,1.0728272067012055e-05,7.888272022521417e-06,7.573816606783082e-06,1.1186343308211856e-05,2.554457766867603e-06,2.464658909142313e-05
2022,6.184884512186083e-06,1.7535227454786004e-05,1.2803792060584161e-05,2.3974569671431963e-05,1.7110179006003648e-05,3.7845245030685664e-05,7.406889407336209e-06,7.346099601370407e-06,8.355187338434427e-06,1.0288092044238295e-05,7.800159925721393e-06,1.3659113689035543e-05,1.287836194659803e-05,1.0438867003501222e-05,1.6873788014552366e-05,2.862871908457514e-06,3.628375917490536e-05
2023,6.344733320998892e-06,2.0885262670708288e-05,1.3648113016894272e-05,2.1045102978860505e-05,2.256625989486409e-05,4.406523071366516e-05,6.81998363457953e-06,8.130170019871481e-06,8.673424805250777e-06,1.2104246536381692e-05,9.428031838663108e-06,1.2064602409480198e-05,1.1071439745230241e-05,1.2599047955426315e-05,2.0521449773461763e-05,3.164971542289385e-06,4.260337545915459e-05
2024,5.924607159444993e-06,2.089488722088432e-05,1.2206997499033014e-05,2.280493426399386e-05,2.7197922189066715e-05,4.5035433643401174e-05,6.0881330087304716e-06,8.075204740846037e-06,8.901938493748049e-06,1.1544002930268387e-05,9.917545212250867e-06,1.0156219010745717e-05,8.793048504646822e-06,1.1358237019760005e-05,2.075611371836569e-05,2.964139610319825e-06,4.2495410895254405e-05
