Years,English,Polish,Russian,Ukrainian,Lithuanian,German,Japanese,Spanish; Castilian,French,Italian,Chinese,Persian,Portuguese,Arabic,Turkish,Indonesian,Dutch; Flemish
2020,1.2474517551399882e-06,6.530876276121094e-06,2.860540789243307e-06,2.6243147209943723e-06,6.1832365884970945e-06,2.6644224936196494e-05,5.196938066622556e-07,1.2907149510310864e-06,2.727428690087806e-06,2.651636676344753e-06,1.0331420603493244e-06,1.0964342482666796e-06,1.4634040645408707e-06,1.3992025374693484e-06,2.902762413647159e-06,3.314012505093772e-07,6.588824765627923e-06
2021,1.3743894068817772e-06,7.343701936710053e-06,3.1143351463985567e-06,2.8002265851321194e-06,8.567127005514271e-06,2.5488034777499928e-05,5.030368169921259e-07,1.395564125334142e-06,2.30639093702213e-06,2.742271219061323e-06,1.1671350382794822e-06,1.1233616648270324e-06,1.295624928488945e-06,1.6922322819137717e-06,3.845819532327784e-06,4.3117094789977e-07,7.353633037815191e-06
2022,1.614248471546212e-06,8.310409127730673e-06,4.379711787266507e-06,6.111368360251659e-06,8.849223228547073e-06,2.464874585819886e-05,5.735080537441197e-07,1.649909714945154e-06,2.444930974329492e-06,3.2899775275329728e-06,1.4104509131868337e-06,1.3944130072032811e-06,1.565320192773479e-06,1.70698454145303e-06,3.300470087215889e-06,6.837192673282801e-07,9.20940669868894e-06
2023,1.5711971437841194e-06,1.0669356564189179e-05,4.80341356158361e-06,7.412334086546901e-06,1.2320002236378404e-05,2.6975075229655582e-05,7.058763797810248e-07,1.8713946337300085e-06,2.7934340763980243e-06,3.464136247684513e-06,1.6343444140847197e-06,1.4006407539079479e-06,2.0242858151274617e-06,1.9983936107009296e-06,3.6397759352851455e-06,6.945469744577231e-07,9.430721945026518e-06
2024,1.7425964298806474e-06,1.145568501874954e-05,4.830930341875186e-06,8.239817132327788e-06,1.123682555603247e-05,3.144259157321647e-05,6.922642025603651e-07,3.0442392873937457e-06,3.1099394950260063e-06,4.144498179626885e-06,1.5797459055570754e-06,1.2748692460050084e-06,2.1038321696974946e-06,2.170475054091164e-06,3.6639186196217553e-06,5.939784857166849e-07,1.0364786441809974e-05
