Years,English,Polish,Russian,Ukrainian,Lithuanian,German,Japanese,Spanish; Castilian,French,Italian,Chinese,Persian,Portuguese,Arabic,Turkish,Indonesian,Dutch; Flemish
2020,2.249677679705841e-06,9.325698935780673e-06,4.032189930602395e-06,3.0008875107270763e-06,6.920965923164029e-06,2.97396823657923e-05,9.366216447856561e-07,2.2350720491466758e-06,3.747161189820331e-06,4.3210169418468705e-06,1.580568401266223e-06,3.647706020850256e-06,2.0681478964384614e-06,3.880708556493058e-06,8.17762216616352e-06,4.724878472040278e-07,1.043373730861776e-05
2021,2.4787727323736432e-06,1.0426888507663753e-05,3.785549819014029e-06,3.1470281942727307e-06,8.112426920133142e-06,2.7527066743988655e-05,1.0681415210403202e-06,2.441887804180684e-06,3.7281945138042587e-06,4.6167643045028366e-06,1.4684216325176721e-06,3.2923073343040754e-06,2.009739864705271e-06,3.4795504866040855e-06,7.457562205474571e-06,6.633943812513703e-07,1.2089254972928105e-05
2022,2.6845322546895113e-06,1.2160321374646525e-05,5.539211644337649e-06,7.839273775264133e-06,9.824066433211328e-06,3.0426423960695347e-05,1.1938160967730072e-06,2.752289585641766e-06,3.726004363227832e-06,5.154491231173531e-06,1.7227335307127637e-06,4.294873845940194e-06,2.6323854282850843e-06,3.945056993124619e-06,8.842876548252133e-06,7.987526037745073e-07,1.6834589102364612e-05
2023,2.7784854183382147e-06,1.3778837938385094e-05,5.920077353874959e-06,8.641269785656427e-06,8.621552260845325e-06,3.3090377844321894e-05,1.1531268706378072e-06,3.151953665228617e-06,4.284152097141619e-06,6.088273989239961e-06,1.9423961361185408e-06,6.89143786897323e-06,3.0156012964418264e-06,5.4798999683570326e-06,8.735895357989158e-06,8.200090526781301e-07,2.0648375220525945e-05
2024,2.5565831040452696e-06,1.3294208671198532e-05,5.293192741650425e-06,1.0824609826612903e-05,9.039283265977031e-06,3.068706029772914e-05,1.1113047856132454e-06,3.299902943707884e-06,3.913635758461184e-06,5.546049940192353e-06,1.9436759078687916e-06,4.9647763986282465e-06,2.9336121807644518e-06,4.775215586312879e-06,8.2363004078416e-06,5.91821178867835e-07,1.9605054406791012e-05
