Years,English,Polish,Russian,Ukrainian,Lithuanian,German,Japanese,Spanish; Castilian,French,Italian,Chinese,Persian,Portuguese,Arabic,Turkish,Indonesian,Dutch; Flemish
2020,8.672382658135877e-06,3.1327593415773185e-05,1.682722890790964e-05,1.780300490093464e-05,3.54186135210713e-05,6.326265235304038e-05,6.369804159768219e-06,1.247508877570126e-05,1.5831008118581306e-05,1.9467431374011356e-05,9.448263960924063e-06,1.4251715734729015e-05,1.1897254144574441e-05,1.513323479840616e-05,2.0808429130348506e-05,4.640125012874786e-06,2.837777071288104e-05
2021,9.704695266489786e-06,3.0190954913027832e-05,1.7313704910138712e-05,1.814816187638732e-05,3.0652559724026206e-05,6.0623954397366156e-05,6.482243270060046e-06,1.3464101485360998e-05,1.6049058362614297e-05,1.864569026998521e-05,8.510801042616748e-06,1.6501056131286e-05,1.230441848901032e-05,1.6276407117151753e-05,2.629189240730554e-05,5.788593875252085e-06,2.786715830506482e-05
2022,1.1969717548156692e-05,3.778726298011766e-05,2.5321809324312937e-05,3.4459020332703725e-05,3.8649171536645764e-05,6.698867460952306e-05,7.964908496655122e-06,2.055902847151995e-05,1.810552315871086e-05,2.4127379617235167e-05,1.1313914832257013e-05,2.377249271957852e-05,2.0786605496179946e-05,2.4619578554715986e-05,3.847231273548216e-05,8.54325046592896e-06,3.8588825886929806e-05
2023,1.2307721888492926e-05,4.485608187695554e-05,2.4579103398233846e-05,3.524099377713594e-05,4.1327933280680906e-05,6.655692729770746e-05,8.350540124770538e-06,1.858305411663059e-05,1.9756140647257023e-05,2.6455467087168944e-05,1.433381365496424e-05,1.975946384939505e-05,2.079312225319064e-05,2.614421361719517e-05,3.687580816303393e-05,7.479896608156976e-06,3.825732276391315e-05
2024,1.0631375489222123e-05,4.0749159198585784e-05,1.9855923283905237e-05,3.6195853133709567e-05,3.962693667978514e-05,6.44300569369155e-05,8.11491552715542e-06,2.0600954961631842e-05,1.8259643982456803e-05,2.1847175032307644e-05,1.4554303137226356e-05,1.578116502965706e-05,1.6615070315455477e-05,2.203716179993208e-05,3.188817732163481e-05,6.513628478960935e-06,3.575684068094026e-05
