Years,English,Polish,Russian,Ukrainian,Lithuanian,German,Japanese,Spanish; Castilian,French,Italian,Chinese,Persian,Portuguese,Arabic,Turkish,Indonesian,Dutch; Flemish
2020,2.626953081966689e-06,9.127643081414039e-06,3.870558127100155e-06,4.262757200545672e-06,7.803198941940983e-06,3.900699995914744e-05,1.1896516900040068e-06,3.4930573651859605e-06,7.618133434712022e-06,6.945168664005245e-06,1.8549967610465125e-06,3.2097111693649303e-06,2.933933940141022e-06,2.2906209406372706e-06,5.382460044176408e-06,5.770340303662509e-07,1.3736184167850997e-05
2021,2.7931353498653274e-06,1.0955842734656125e-05,3.829557277248667e-06,4.55219199570977e-06,8.776433394023044e-06,3.700866002563482e-05,1.171059440818205e-06,3.904102870152655e-06,8.189960619554162e-06,7.744304397071962e-06,1.8910640989955464e-06,3.7030574639956963e-06,3.0481915685761177e-06,2.783863246914776e-06,4.788453370651258e-06,6.641023795237838e-07,1.4117405549404252e-05
2022,3.264504116547763e-06,1.171192328412697e-05,5.132768233356409e-06,1.3245702023547295e-05,1.0639237044008162e-05,3.966414556825613e-05,1.7957205852966746e-06,5.319991874198116e-06,8.625961452855283e-06,1.0767869461811935e-05,2.604529103665283e-06,3.976735042537217e-06,3.912796515355213e-06,3.3362012432198985e-06,7.266485323572681e-06,1.469510368404621e-06,1.7261528725999295e-05
2023,3.4991666173181975e-06,1.519601080320557e-05,5.512763587515951e-06,1.4759012704237265e-05,1.014012112497149e-05,4.096155841160613e-05,1.5940628124102864e-06,6.856414317558475e-06,9.828146631069772e-06,2.0685073160876675e-05,3.2526202414332896e-06,4.070792664098699e-06,5.259012638159257e-06,3.8282438485779965e-06,9.980554717682829e-06,2.72828033080399e-06,1.9180734534224958e-05
2024,2.923079781917756e-06,1.5177319042338293e-05,5.069291775576505e-06,1.4373470853617836e-05,9.946770365514096e-06,4.033153542036231e-05,1.7323091906621043e-06,7.105826384223117e-06,9.201993077877905e-06,1.2160432030390394e-05,3.2442277519509086e-06,3.697086625448689e-06,4.309970833933534e-06,3.382497644673389e-06,8.335930696935095e-06,1.5640474654162103e-06,2.0584381890409122e-05
