Years,English,Polish,Russian,Ukrainian,Lithuanian,German,Japanese,Spanish; Castilian,French,Italian,Chinese,Persian,Portuguese,Arabic,Turkish,Indonesian,Dutch; Flemish
2020,1.6844219613671279e-06,5.3055996974610525e-06,2.520999957639819e-06,1.7472041859026703e-06,3.3159792774719966e-06,1.7403583916446542e-05,8.285781086756188e-07,1.916345987398072e-06,3.0479928788291263e-06,4.752692398774122e-06,6.927119431535225e-07,1.9545761434124884e-06,2.8479491533590392e-06,2.6157220897641747e-06,6.503296415635224e-06,6.795501905544503e-07,6.463597753851629e-06
2021,1.7867051048577118e-06,5.371319242440336e-06,2.307464455738694e-06,1.3086429652360926e-06,2.98081167083184e-06,1.7778055001281973e-05,9.247511104326877e-07,1.7283820595807045e-06,2.7193301279240203e-06,4.233803351563172e-06,5.935377063327319e-07,2.016753707400926e-06,2.629424007507139e-06,2.6869201772090044e-06,9.17454759957518e-06,1.0917333360614866e-06,7.852878982223804e-06
2022,1.8213070411594983e-06,5.65781518635108e-06,2.7671319781434653e-06,2.529102409739723e-06,2.6303958884475156e-06,1.8631019071325382e-05,1.392840962236699e-06,2.0957483794488897e-06,2.3954647835840085e-06,4.557973241815597e-06,7.780210667599343e-07,2.7356665742492526e-06,3.19414017443603e-06,3.3666831100315594e-06,9.913453459584501e-06,1.7554735216829184e-06,8.010038948351134e-06
2023,2.3149054311017697e-06,6.850728019177005e-06,3.5607315751539084e-06,3.257521339420453e-06,3.55149169835958e-06,2.2010656621333502e-05,1.1005356975499684e-06,3.3186831410448087e-06,3.0519367783956255e-06,5.587969119830315e-06,1.0971039022879186e-06,3.373359856004347e-06,4.184737492624728e-06,3.583183852508945e-06,1.013593411578291e-05,1.2629387100418877e-06,9.895954450161144e-06
2024,3.950776061948877e-06,1.221327152589533e-05,5.1489661168176685e-06,6.623956889494676e-06,9.226118845293486e-06,2.868609666789052e-05,1.033541844627039e-06,6.653290266473753e-06,5.13647488333344e-06,1.0868866296801428e-05,1.7417943394222426e-06,4.405461277559811e-06,6.277866346527909e-06,4.057974369734158e-06,1.1267065592632499e-05,1.1376198116268712e-06,1.6112641643626724e-05
