Years,English,Polish,Russian,Ukrainian,Lithuanian,German,Japanese,Spanish; Castilian,French,Italian,Chinese,Persian,Portuguese,Arabic,Turkish,Indonesian,Dutch; Flemish
2020,1.4043229140531818e-06,5.341299420426825e-06,2.8958945063659905e-06,2.216165951998367e-06,5.118472600318013e-06,3.415718115242652e-05,5.042276016967075e-07,1.055992489701621e-06,1.6302722636093e-06,2.92090104035249e-06,7.930427880173512e-07,1.1721668382261467e-06,1.286921477306028e-06,1.931220128987803e-06,1.6669893670060207e-06,3.7707676742491155e-07,5.209111228800614e-06
2021,1.4768051191025717e-06,6.368219478833323e-06,2.978679128354166e-06,2.3266010865646828e-06,5.434748639555388e-06,3.5307709167146765e-05,5.45246000525389e-07,1.2123832308157583e-06,2.0579531411445e-06,2.329615021478286e-06,7.474524711245269e-07,1.130088381382883e-06,1.4133046406467802e-06,2.022804435316594e-06,1.3994000338063922e-06,4.1417898936184803e-07,5.258531560123555e-06
2022,1.6154379323755579e-06,8.71844405134585e-06,3.985454348706482e-06,4.980821835300842e-06,5.5549255024402805e-06,3.32404630316008e-05,4.823230212408802e-07,1.2913197085493158e-06,1.822733785973035e-06,2.7908896394386212e-06,8.773837177909121e-07,1.7068269478200866e-06,1.564984215054489e-06,2.1016856373476177e-06,1.7602084563469412e-06,4.852462572626064e-07,6.639623844824234e-06
2023,1.6666497254363214e-06,8.698174154218628e-06,4.271655671108551e-06,4.653962657792167e-06,7.388735602334298e-06,3.775034987214974e-05,5.653325587332502e-07,1.7107019147968172e-06,2.197903461374726e-06,4.4332570372688104e-06,1.0281781223407493e-06,1.7851969832127737e-06,1.9269744790379867e-06,2.1924425246065214e-06,2.079485254712218e-06,7.978279117772847e-07,7.830157685829922e-06
2024,1.5821940411420959e-06,1.017546462642846e-05,4.197316126358278e-06,5.4050087352081685e-06,8.541055054466486e-06,3.6728001756477144e-05,6.323620077370681e-07,2.986592699848759e-06,2.25932604093311e-06,6.376471623278525e-06,1.0675280067810335e-06,1.4126467483219883e-06,1.8896611344178404e-06,2.235678801052866e-06,1.9884790835050973e-06,4.6310187021978823e-07,7.495129164231328e-06
