Years,English,Polish,Russian,Ukrainian,Lithuanian,German,Japanese,Spanish; Castilian,French,Italian,Chinese,Persian,Portuguese,Arabic,Turkish,Indonesian,Dutch; Flemish
2020,8.746794404891726e-06,3.398799885765729e-05,1.8761212014087187e-05,2.0171203345682236e-05,4.566316417876575e-05,9.978474277483828e-05,6.415543078718466e-06,1.1542848291894147e-05,1.4579227931018205e-05,2.013339034416368e-05,1.018593066145038e-05,1.4922696834306204e-05,1.2141906990943067e-05,1.2070125806173768e-05,2.4296471918328338e-05,4.045328281485827e-06,3.622219020720402e-05
2021,9.429664509064017e-06,3.4746451501076254e-05,1.7936571939418425e-05,2.0684639664923833e-05,4.132718553797364e-05,8.850469489976447e-05,6.701444092595042e-06,1.2372091775120506e-05,1.560170757247058e-05,1.9296985454313694e-05,1.0535995316192998e-05,1.6980334685890347e-05,1.344763383907046e-05,1.2096712238228208e-05,2.515693596035768e-05,5.730538016914185e-06,3.725125057112221e-05
2022,1.061271596432412e-05,3.816997918994736e-05,2.1679028185045105e-05,3.5300796209378286e-05,5.149020961187836e-05,9.154676917130108e-05,7.114764207316698e-06,1.4592486450617502e-05,1.6175107869074187e-05,2.124362416956513e-05,1.1571145170157672e-05,2.0034975157749196e-05,1.6263673443139257e-05,1.478448698998421e-05,3.0421117988446198e-05,7.980235192477356e-06,4.910755934872097e-05
2023,1.1275229651372461e-05,4.5392895444320934e-05,2.333753252005518e-05,3.212235900645047e-05,5.59176244645167e-05,9.45119367517378e-05,7.5053828337586e-06,1.8492502763385593e-05,1.8055983851990314e-05,2.419037373325945e-05,1.1967714258066167e-05,1.974621500403914e-05,1.9474168604323225e-05,1.6839516495000915e-05,3.172284261907379e-05,7.143020530725386e-06,5.2700770787827635e-05
2024,1.0148179818493805e-05,4.23779314178895e-05,2.0300322753081923e-05,3.523178480098975e-05,5.2918953608298606e-05,9.149559226900297e-05,7.575429399465482e-06,1.680939114039677e-05,1.5620791381381782e-05,2.2671254852223835e-05,1.1487694953567881e-05,1.6185266785832424e-05,1.6677728618338945e-05,1.4376360784353294e-05,3.0229834107315262e-05,6.137537984978094e-06,4.89371936381523e-05
