Years,English,Polish,Russian,Ukrainian,Lithuanian,German,Japanese,Spanish; Castilian,French,Italian,Chinese,Persian,Portuguese,Arabic,Turkish,Indonesian,Dutch; Flemish
2020,4.162169842372245e-06,1.386856629126865e-05,7.812860454343702e-06,7.897503257965685e-06,1.540105054330457e-05,4.0424492046327997e-05,2.148996195165587e-06,4.447166860183983e-06,5.324435599086868e-06,6.689426309543747e-06,3.962761862411877e-06,9.10817046888317e-06,4.6092121201778276e-06,5.958820718457926e-06,1.027990362215791e-05,2.295955983620861e-06,1.2473940217291717e-05
2021,4.440565877353306e-06,1.4780538758786249e-05,7.640138861497077e-06,8.152643653066019e-06,1.888087973582589e-05,4.0426154393019916e-05,2.083276160434217e-06,4.735099460306866e-06,5.643851041867702e-06,6.749744493575782e-06,3.5992375766696686e-06,1.0118663379138104e-05,4.885430196679294e-06,6.773386280285237e-06,1.1353360310438298e-05,2.3257743248780698e-06,1.3475023195500453e-05
2022,5.376108889047964e-06,1.7710990699760528e-05,1.1348347158997825e-05,2.0010107274672045e-05,2.17070689452394e-05,4.139300252759404e-05,2.250896281792298e-06,6.061704389496321e-06,5.698931413165045e-06,8.551554095230443e-06,4.403031451283908e-06,1.1781358695171184e-05,6.730641644522666e-06,8.548991261178224e-06,1.5458395330712712e-05,3.468822159596796e-06,1.8504337073972424e-05
2023,5.246449402913661e-06,2.2041505263926365e-05,1.1535988824028767e-05,1.9250520163448515e-05,2.5619726320580143e-05,4.5828394041144924e-05,2.601504014888815e-06,6.256188204620187e-06,6.123820106745833e-06,8.330674189790158e-06,4.902187527162783e-06,1.08419717829183e-05,7.835312759089244e-06,9.036544271362015e-06,1.4182836557588124e-05,4.057762463548414e-06,2.0600413106594542e-05
2024,4.838490364967647e-06,2.267796825791783e-05,9.407999140958247e-06,1.8184021468414524e-05,2.295408545887868e-05,4.457169233088432e-05,2.6841495707900898e-06,8.210372461461448e-06,6.109527842637682e-06,7.912289686956987e-06,4.791745030437594e-06,9.186648299651536e-06,6.448141169618015e-06,8.308150634107058e-06,1.4100338784249901e-05,2.887195666044177e-06,2.030325227120189e-05
