Years,English,Polish,Russian,Ukrainian,Lithuanian,German,Japanese,Spanish; Castilian,French,Italian,Chinese,Persian,Portuguese,Arabic,Turkish,Indonesian,Dutch; Flemish
2020,2.2307937639218325e-06,7.83779656904199e-06,4.0379958196313406e-06,3.6651525559698587e-06,6.616747640827149e-06,3.073469197331863e-05,1.596537489832241e-06,2.227757751484851e-06,5.032555238488777e-06,6.219977412905804e-06,2.5082711215957195e-06,2.7519390173169414e-06,3.416113821818991e-06,1.7205754624090176e-06,4.49068186935754e-06,1.1809658651383164e-06,7.780697784790791e-06
2021,2.3228054393143165e-06,8.003109905574165e-06,4.01880953456506e-06,3.607185669184221e-06,5.687359798100459e-06,2.9047485355255876e-05,1.175665451901441e-06,2.5931845658906698e-06,4.471066537977423e-06,7.879086958251208e-06,2.448771445103468e-06,2.7150709698551552e-06,3.1627140201638647e-06,1.9841757791886236e-06,4.508826419953959e-06,1.8804434115300316e-06,8.120682587085765e-06
2022,2.543563824166958e-06,9.043184075985626e-06,6.251770347493893e-06,9.303888305083556e-06,7.513015732498655e-06,3.075286991417511e-05,1.3125648240329337e-06,3.1527233362322084e-06,4.862941572743074e-06,8.128479241094885e-06,2.7173191399707174e-06,3.5948049109454676e-06,3.2804864482164086e-06,2.195866789932366e-06,6.15153873563092e-06,1.2653667009084995e-06,1.14859655185152e-05
2023,2.4876796311635585e-06,1.0874586820793358e-05,7.400258728963642e-06,1.3585631632621733e-05,9.797218478233324e-06,3.679996759087653e-05,1.5894622123631511e-06,3.612088689866175e-06,5.667800706060043e-06,8.671951069767202e-06,2.9989057140203965e-06,3.4864846125047944e-06,4.092326727417457e-06,2.673256440944534e-06,6.6937661258166795e-06,1.3481974703795125e-06,1.332044938486345e-05
2024,2.35700062089786e-06,1.0797352424515381e-05,6.536887470467101e-06,1.6011706042619016e-05,9.30619123642911e-06,3.228435701919188e-05,1.4669626181803132e-06,4.903705928962184e-06,4.813919197561615e-06,9.360408842799163e-06,3.03003412372466e-06,3.0553785067167497e-06,4.120579918438303e-06,2.750063915972959e-06,7.177507513096519e-06,9.319565587031764e-07,1.4139752265291405e-05
