Years,English,Polish,Russian,Ukrainian,Lithuanian,German,Japanese,Spanish; Castilian,French,Italian,Chinese,Persian,Portuguese,Arabic,Turkish,Indonesian,Dutch; Flemish
2020,1.4357713667288513e-06,6.26980264991053e-06,3.0238314181823886e-06,2.5295867832044686e-06,7.83362077017467e-06,2.819563165034528e-05,6.279572414210922e-07,1.4892353330242476e-06,2.4180691217149347e-06,2.9913036770117184e-06,1.3337259153283309e-06,1.944928679723384e-06,1.2686318955872083e-06,2.023307266412511e-06,3.3339787340120413e-06,3.1719108969121094e-07,9.52556442232862e-06
2021,1.4989384236095132e-06,6.2770316642413865e-06,2.9341669974333508e-06,2.6105519186442125e-06,8.004164995042397e-06,2.7050634662705914e-05,6.063322786620791e-07,1.6139485966245373e-06,2.669224049298256e-06,2.8775153643541972e-06,1.1621499446829868e-06,1.8784355982212501e-06,1.2353499539690782e-06,2.05549022127103e-06,3.38715541636502e-06,3.9081504637220537e-07,9.55839547439427e-06
2022,1.7388877990328936e-06,7.914116216305862e-06,4.905082959170571e-06,7.446696684797072e-06,8.471051295703181e-06,2.7897708579194947e-05,8.546410854618703e-07,1.9602260873765317e-06,2.926917871457254e-06,3.688299869455619e-06,1.6325782295842704e-06,2.3169337533178272e-06,1.5824550564419586e-06,2.4784102476866107e-06,4.198005259771621e-06,5.476234889975324e-07,1.536575389482018e-05
2023,1.7229114486267884e-06,1.0999818398138349e-05,5.115357203062015e-06,9.229643795024616e-06,9.340014949249102e-06,3.26908109469695e-05,6.919843717955581e-07,2.029021063452787e-06,3.187435755673304e-06,4.2416846030961295e-06,1.6354015579489402e-06,2.4194429903789485e-06,1.9581281082177106e-06,2.780103977908537e-06,4.899052869016106e-06,6.079018928137956e-07,1.6573651055525022e-05
2024,1.5248770374419092e-06,1.0574418831061529e-05,4.888110622362616e-06,1.2845164747964121e-05,1.096102065323199e-05,3.190436831830014e-05,7.050873023696336e-07,3.3043773178314122e-06,3.0717594342611784e-06,3.904594555711089e-06,1.651445547803563e-06,2.2369186046153845e-06,1.7278823523966803e-06,2.551469497122285e-06,5.190207486267085e-06,4.6022546108798834e-07,1.5258576977680699e-05
