Years,English,Polish,Russian,Ukrainian,Lithuanian,German,Japanese,Spanish; Castilian,French,Italian,Chinese,Persian,Portuguese,Arabic,Turkish,Indonesian,Dutch; Flemish
2020,2.089000049278633e-06,7.951414817785231e-06,3.9843950227034e-06,2.681619275953697e-06,2.2793554804090764e-05,2.7230489170077913e-05,1.2924909580924616e-06,1.9243991030055358e-06,2.753647501749976e-06,4.11098485878625e-06,1.483711333108474e-06,2.6434050508145203e-06,1.748436506912084e-06,2.7786454867463504e-06,4.3178692797217075e-06,5.790640533402747e-07,7.468184357172075e-06
2021,2.2734354680626724e-06,9.729188146906944e-06,4.306170162074271e-06,3.0875444231256353e-06,1.4990667894231795e-05,2.7979433867703765e-05,1.310900957640393e-06,2.360212011918076e-06,3.2442232717646836e-06,4.716466473046389e-06,1.4143645238306752e-06,3.114890185143519e-06,2.183963243436505e-06,2.7886918289307724e-06,5.5216833160317324e-06,1.0612894103477098e-06,8.550091815571325e-06
2022,2.3791641701226333e-06,1.0054831813761741e-05,5.217978416452116e-06,4.9157068851993345e-06,2.022799649678329e-05,2.5580479127221617e-05,1.3278039664512835e-06,2.913234672650326e-06,3.2537761023695876e-06,5.2362974062885395e-06,1.8217125421644714e-06,2.873881118658258e-06,2.47111612316998e-06,3.24202009063515e-06,5.977229291808302e-06,1.1333213921709288e-06,1.0022560385675182e-05
2023,2.366445890807722e-06,1.1604294399830438e-05,5.940910633581888e-06,5.7650552076720104e-06,2.3717433066056506e-05,2.775686777997091e-05,1.4862644387568263e-06,3.347142137778952e-06,3.753046545764729e-06,5.829149842741927e-06,2.0130133462484627e-06,2.9541528003840684e-06,2.8223787873720775e-06,3.758620614814356e-06,6.0489686932828995e-06,1.42999042745138e-06,1.1776069316272213e-05
2024,2.5082908515948646e-06,1.4205716285476806e-05,6.138893815702527e-06,8.662995462028212e-06,2.1325946839121007e-05,2.5741106687265077e-05,1.7422012962292542e-06,4.807454857700247e-06,4.1269174772164305e-06,6.6140196980169e-06,1.7684101157107113e-06,2.52854195319202e-06,3.14919922288893e-06,3.4528154110046357e-06,6.138169053499873e-06,9.916420481880248e-07,1.3408815255352599e-05
