Years,English,Polish,Russian,Ukrainian,Lithuanian,German,Japanese,Spanish; Castilian,French,Italian,Chinese,Persian,Portuguese,Arabic,Turkish,Indonesian,Dutch; Flemish
2020,7.117359522275786e-07,3.0577588801118347e-06,1.086219631361753e-06,9.999060100045402e-07,2.3348753169355573e-06,1.821557982133264e-05,1.9094532670735908e-07,4.760204023751167e-07,1.0985009809227201e-06,1.2421141595138578e-06,3.2857840843388325e-07,4.042287285734613e-07,4.467883534168768e-07,8.560002733891883e-07,2.5457250822297325e-06,8.729098788302125e-08,5.240140930833678e-06
2021,7.100080815499987e-07,2.8381801651995636e-06,1.1194649524779254e-06,1.004490097672644e-06,2.2013258101784773e-06,1.6776880661726798e-05,1.8537306900565433e-07,4.782619921259657e-07,1.1797598280609191e-06,1.271202648930295e-06,2.9334160131877533e-07,5.070262603972309e-07,4.80190630341605e-07,8.152875019316789e-07,2.173118949423579e-06,1.4584764411716358e-07,5.199083777147731e-06
2022,9.30527909776875e-07,3.1266776835655716e-06,1.5500923415195241e-06,2.640458411362591e-06,2.3110507007126733e-06,1.5781631059134033e-05,1.9794230343397307e-07,5.772062585709559e-07,1.282531575927119e-06,1.5232450246200098e-06,3.259018225900218e-07,5.51222502554259e-07,5.869530750751808e-07,8.636528929970687e-07,3.8189614510228015e-06,1.6768944115752843e-07,8.0684122514236e-06
2023,8.466034162683583e-07,3.648911720789411e-06,1.8760136895203176e-06,3.1767146085201003e-06,2.032922834233415e-06,1.7682220455176325e-05,2.0495222170766625e-07,6.805245616359713e-07,1.945591067983719e-06,1.6082233179124426e-06,3.6556034824741016e-07,6.091071723882975e-07,7.368358362170685e-07,1.0150516011580264e-06,4.009005027634464e-06,3.7361359204861554e-07,8.618106700417286e-06
2024,7.561233780159016e-07,3.823601910681557e-06,1.6487768481044848e-06,3.4136385262500835e-06,2.037397507784193e-06,1.7459317575258364e-05,2.2193122027041075e-07,1.0099598893711956e-06,1.4002148303690444e-06,1.6680912097951777e-06,3.3731422602324716e-07,5.873492530535275e-07,6.262290271234844e-07,1.022377705628255e-06,4.216896200507549e-06,1.8265197986929537e-07,8.560574834998994e-06
