Years,English,Polish,Russian,Ukrainian,Lithuanian,German,Japanese,Spanish; Castilian,French,Italian,Chinese,Persian,Portuguese,Arabic,Turkish,Indonesian,Dutch; Flemish
2020,5.698764990791232e-06,2.535549541215984e-05,1.1156948858426297e-05,1.3639653561032693e-05,2.254257472116284e-05,5.060546012903817e-05,4.886661073166798e-06,1.0570711639022537e-05,1.3517926289718735e-05,1.399322218325362e-05,5.595232574463054e-06,6.985728457280271e-06,1.1245004905614982e-05,6.200409645790763e-06,1.0301097619000042e-05,2.061995835864624e-06,2.1596672615012523e-05
2021,5.42723464479708e-06,2.4425678350606675e-05,1.0204178910888182e-05,1.4745241232651617e-05,1.8700443194007983e-05,4.314215975385497e-05,4.076621842177707e-06,7.112345460985594e-06,1.0907546916435521e-05,9.766196676131875e-06,4.380806782095211e-06,6.381972332363155e-06,7.491892309131245e-06,5.611555161359364e-06,9.44468494787325e-06,1.6935318676128898e-06,2.2262328980033558e-05
2022,6.048327480079161e-06,2.892938253401123e-05,1.2871868583207936e-05,2.4364315677112003e-05,1.9807805460290078e-05,4.617979612407361e-05,4.058774871422738e-06,1.1150813760266056e-05,8.43729448497795e-06,1.2652571384633237e-05,5.417949958243182e-06,7.737969893052108e-06,9.2625697348298e-06,7.803748696949532e-06,1.2420340188015237e-05,2.960893272612398e-06,2.3213569361376896e-05
2023,6.7019100182232185e-06,3.6244261437264355e-05,1.4213852301380187e-05,2.4670463291233606e-05,2.8607877956441304e-05,5.5147517209492234e-05,5.1113568602111735e-06,1.2099481402750737e-05,1.0978970855173505e-05,1.450110091250913e-05,6.32383459576636e-06,8.031517997548314e-06,1.4851880140073157e-05,8.251387209413634e-06,1.8978483625081182e-05,1.0725274786211925e-05,2.879508285830314e-05
2024,6.566763006847733e-06,3.7508286315662735e-05,1.2870950342709369e-05,2.4743771990644306e-05,3.2891958892044374e-05,5.241228095671279e-05,4.908591013417905e-06,1.1906309542707636e-05,9.340231228922972e-06,1.6386106058593015e-05,5.875025231348537e-06,6.662208902359774e-06,1.242510606162079e-05,7.213750489024373e-06,1.7314447282106346e-05,5.434975054535962e-06,3.4966830864940194e-05
