Years,English,Polish,Russian,Ukrainian,Lithuanian,German,Japanese,Spanish; Castilian,French,Italian,Chinese,Persian,Portuguese,Arabic,Turkish,Indonesian,Dutch; Flemish
2020,2.087664073204077e-06,1.2678989435574382e-05,5.342350995937746e-06,4.284977334101328e-06,1.4351497469242334e-05,3.32122455119664e-05,1.5401701361900303e-06,2.4398723836777674e-06,3.1486103697377962e-06,5.489935875773472e-06,2.0754794119794477e-06,1.2305339935452265e-06,1.92729436450002e-06,1.4965091887561856e-06,3.2573542838904936e-06,3.395213424054722e-07,1.2820807957875611e-05
2021,2.126820592143913e-06,1.4005604590652638e-05,5.3347940310403274e-06,4.38720870592443e-06,1.5661891829794413e-05,3.323659059056786e-05,1.604628549669719e-06,2.5799067900362135e-06,3.4077946235661927e-06,5.3763778941625875e-06,1.8717468613091269e-06,1.1801183357670208e-06,2.1773616986081386e-06,1.4634317802327173e-06,3.4864799214769565e-06,7.441061843064997e-07,1.1966896429327382e-05
2022,2.2587861149274914e-06,1.621315026972712e-05,6.158130769941407e-06,7.688282586622955e-06,1.5572279812438488e-05,2.9882820041264415e-05,1.7738195226954398e-06,3.274594477716256e-06,3.65343151648786e-06,6.3027620282277535e-06,2.173510036355231e-06,1.3813276065491742e-06,2.6428007375737678e-06,1.685490917419166e-06,4.194202144633673e-06,6.294429747797081e-07,1.667711693593656e-05
2023,2.5203241080807934e-06,2.2418695298377397e-05,6.36461324664368e-06,8.972072340279744e-06,1.67287505515834e-05,3.0464154122997508e-05,2.002343514632512e-06,3.7603246088820647e-06,4.449800170040303e-06,6.312039036317693e-06,2.6439168044151903e-06,1.3880713365190092e-06,3.156317688916535e-06,1.858113134751416e-06,4.627274270248719e-06,7.707946463043793e-07,1.991455487737545e-05
2024,2.555370334809524e-06,2.4028751978949522e-05,6.153448796190237e-06,1.1039603874575648e-05,2.8238863273829818e-05,3.0147838236463718e-05,1.9566218437542364e-06,4.9206669285467204e-06,4.362460924191923e-06,7.040192903039522e-06,2.5623569117987088e-06,1.3911083298456366e-06,3.440542631211501e-06,1.945458201831173e-06,4.6425356604217735e-06,6.773943505388828e-07,1.911112034165223e-05
