Years,English,Polish,Russian,Ukrainian,Lithuanian,German,Japanese,Spanish; Castilian,French,Italian,Chinese,Persian,Portuguese,Arabic,Turkish,Indonesian,Dutch; Flemish
2020,1.5967776896823386e-06,1.054104167848502e-05,5.277242097541718e-06,4.8884293822444195e-06,1.750776214848747e-05,2.9795517054733388e-05,8.540130523867334e-07,1.4233327722732616e-06,2.4901148306840607e-06,3.4616344438374603e-06,1.5781163235913433e-06,1.4008117276579137e-06,1.5653031626885794e-06,1.7019343414728419e-06,3.853231656644235e-06,3.100860092821278e-07,7.681513558649389e-06
2021,1.7126951115241907e-06,1.0649828111310232e-05,5.120409073952318e-06,4.8338981571799754e-06,1.7689998559827696e-05,2.8827205369131206e-05,8.190393806534959e-07,1.6236448671498308e-06,2.525764882188759e-06,3.417414915927231e-06,1.3532971272736068e-06,1.3932711666305333e-06,1.6013051564111264e-06,1.9225185011382094e-06,3.7408012657763096e-06,4.0922300145495414e-07,8.798271880421848e-06
2022,1.9670795076530015e-06,1.2431855406548712e-05,6.745806161743407e-06,9.703071260053668e-06,1.89085966421946e-05,3.0258795027090318e-05,1.0077819756659412e-06,1.8948390544861457e-06,2.6518813641830456e-06,3.7806390284910144e-06,1.70451065069743e-06,1.928052002628584e-06,1.93321579506731e-06,2.35921833258973e-06,5.139910108936747e-06,5.613950856143343e-07,1.1743894066974944e-05
2023,2.009159905076809e-06,1.668533200960092e-05,7.373962500355786e-06,1.0580631327264882e-05,2.218253550446662e-05,3.031126386181233e-05,1.0236786144095935e-06,2.3798237134315663e-06,3.1349327678618177e-06,4.109923580878188e-06,1.8696646382601782e-06,2.0943367081839677e-06,2.847931764114997e-06,2.369947303756397e-06,4.939657241341911e-06,1.0009239831506508e-06,1.3025824970713392e-05
2024,4.013588767681316e-06,3.244052109821003e-05,8.881657021892963e-06,1.4265487417763245e-05,3.895966675365494e-05,4.5935412324370346e-05,1.5870417885371057e-06,6.61832771518293e-06,1.2977869432137467e-05,1.4274265622989845e-05,2.477620970961951e-06,2.965806036227795e-06,4.232090457468206e-06,4.0162098782162045e-06,1.0077397406888862e-05,8.995969559704271e-07,3.513977895979426e-05
