Years,English,Polish,Russian,Ukrainian,Lithuanian,German,Japanese,Spanish; Castilian,French,Italian,Chinese,Persian,Portuguese,Arabic,Turkish,Indonesian,Dutch; Flemish
2020,2.3899339615648283e-06,1.1317122612523559e-05,3.3628538668368632e-06,2.78453357873779e-06,7.597851601363589e-06,2.946299046281758e-05,9.79575180851112e-07,3.5513501010968664e-06,5.123312663473212e-06,7.563653622381095e-06,2.05872354786777e-06,2.69067762289113e-06,2.9386844808472087e-06,2.4367673287768882e-06,4.39938465219144e-06,5.770340303662509e-07,8.709926540316653e-06
2021,2.786491986247449e-06,1.3021684826087685e-05,3.5775237377718504e-06,3.6532014166753704e-06,1.0118881265148279e-05,2.8762401232460322e-05,1.1802714629846773e-06,4.565371049219972e-06,5.870200311204971e-06,9.02027674850974e-06,2.2267789958845325e-06,3.0287041292716845e-06,3.3949161839094464e-06,2.5212626711217476e-06,5.305953021489246e-06,7.766741048375167e-07,9.971644140517469e-06
2022,2.7400789206036164e-06,1.2594775825690023e-05,3.93277063335161e-06,6.181201784998204e-06,1.030308421481359e-05,2.9048828114192627e-05,1.155593329723704e-06,4.533863658797365e-06,5.034558969206997e-06,8.211163164869926e-06,2.540077654347892e-06,3.1503102074762693e-06,4.306562402011258e-06,2.741414047228252e-06,6.026669788601627e-06,1.123600265147304e-06,1.1084818749726494e-05
2023,2.8633588725528934e-06,1.5201992012869808e-05,4.37822947085377e-06,7.3382612498882445e-06,1.0009491545261712e-05,3.389484740653113e-05,1.337241080367273e-06,5.423115754766183e-06,5.8522489754676434e-06,8.424261457907575e-06,2.8322998410192634e-06,3.396460406881315e-06,5.594001662035616e-06,3.465996231322619e-06,7.515057230059959e-06,1.3183915622940014e-06,1.1827457295484434e-05
2024,2.644689150144832e-06,1.5274634402263367e-05,4.140513897312088e-06,8.39060481302564e-06,9.884491839075276e-06,3.0132638688428048e-05,1.5503127669405582e-06,6.362768114080967e-06,5.651247426748882e-06,8.568219534823437e-06,2.858751645024718e-06,2.918626643374834e-06,4.739020907915254e-06,3.003207874765449e-06,6.898660609302297e-06,9.146981039123768e-07,1.1064407747330758e-05
