Years,English,Polish,Russian,Ukrainian,Lithuanian,German,Japanese,Spanish; Castilian,French,Italian,Chinese,Persian,Portuguese,Arabic,Turkish,Indonesian,Dutch; Flemish
2020,2.0964857564900367e-06,9.049414123262954e-06,3.715768978524885e-06,2.802075789439624e-06,1.4404735668651288e-05,3.468592679404958e-05,8.065882437956926e-07,2.058568441933552e-06,3.673658880203307e-06,4.675528757341774e-06,1.742814207420765e-06,2.479398168099751e-06,1.8909527280976907e-06,2.2346975778287434e-06,7.688529931345128e-06,4.3137988198004685e-07,7.995689291734163e-06
2021,2.139972428747834e-06,8.98378455218211e-06,3.5748994398037297e-06,3.279463760222867e-06,1.0573581350529408e-05,3.238016652012734e-05,8.624566982413783e-07,2.0245114026504806e-06,3.8894407575488874e-06,5.14343177815188e-06,1.6000592603001283e-06,2.1697865090465246e-06,1.898948721063992e-06,2.204061975609377e-06,7.738454436491768e-06,5.175467371342067e-07,8.359050881930572e-06
2022,2.4663874482201875e-06,1.009519498066612e-05,5.328660030623743e-06,7.506149465324536e-06,9.311433368689607e-06,3.389396265674863e-05,8.923642084974572e-07,2.4357411662026817e-06,4.0489367059857625e-06,5.1372873574368984e-06,1.9755520134518155e-06,2.9237692086520413e-06,2.3538598992425398e-06,2.9457988721320833e-06,9.66118015543395e-06,7.35565278120946e-07,1.0604257138385709e-05
2023,2.6057767913803774e-06,1.0684309588349776e-05,5.436374895257214e-06,8.334877597659257e-06,1.1160664716454127e-05,4.1697381272652357e-05,1.0941309406216038e-06,2.630588677920631e-06,4.751978938317765e-06,6.23956167830195e-06,2.1646077763776664e-06,2.7516832662271106e-06,2.7964757698518576e-06,3.186813957319902e-06,1.038064313299976e-05,6.841495646604518e-07,1.1217653275499429e-05
2024,2.617898968468725e-06,1.3586930172168373e-05,5.26200349774819e-06,1.0445208565502179e-05,1.0507277103463459e-05,3.62995192594716e-05,1.191265972281041e-06,3.9355762348853655e-06,4.534929474543388e-06,6.278082146098557e-06,2.1250977299167216e-06,2.758626963264793e-06,2.767585378208819e-06,3.3113275417805504e-06,1.1396172298617562e-05,6.464729523720336e-07,1.20764743764768e-05
