Years,English,Polish,Russian,Ukrainian,Lithuanian,German,Japanese,Spanish; Castilian,French,Italian,Chinese,Persian,Portuguese,Arabic,Turkish,Indonesian,Dutch; Flemish
2020,1.0949617495125624e-05,3.633207371082729e-05,1.8655669245668147e-05,2.2553435558991298e-05,3.836192540268062e-05,8.040673790564643e-05,7.615456705666438e-06,1.295347339550242e-05,1.6915503324043465e-05,2.7093844758090763e-05,1.375799481433142e-05,1.3705669289925724e-05,1.4672282498093512e-05,1.3291119227493277e-05,2.100162056310177e-05,6.736123733554308e-06,3.0768720074893024e-05
2021,1.1223159109057429e-05,4.017780542572125e-05,1.775418323063404e-05,2.522560830758698e-05,4.201284439688169e-05,7.40921287208619e-05,7.5521969921822954e-06,1.4636301973459323e-05,1.7208938516788894e-05,3.0997681150658665e-05,1.347205966035389e-05,1.4778175853418792e-05,1.600587597190652e-05,1.4602374875144429e-05,2.1865309208144903e-05,8.730326697129826e-06,3.36930410366955e-05
2022,1.4907905211745023e-05,4.765348872307167e-05,2.3635472313693076e-05,4.338448697125533e-05,5.4918968469662984e-05,8.094654338558026e-05,8.659163853714034e-06,2.0745000667940413e-05,1.824595778640552e-05,4.037345401604054e-05,1.6050520897716346e-05,1.797484239226822e-05,2.1221696642271737e-05,1.863731679634534e-05,2.8166504564166016e-05,1.298418532788824e-05,4.37046350178274e-05
2023,1.4529371436924872e-05,5.100626071420863e-05,2.4405585326363697e-05,3.7464020613675845e-05,6.126527288388571e-05,8.550762386615299e-05,1.0828549601139198e-05,2.1186142013195332e-05,1.956676305803306e-05,3.8708186657932406e-05,1.9349327004371447e-05,1.9323950522567497e-05,2.329521372933297e-05,1.986536980792666e-05,3.260260401946623e-05,2.1551057867130806e-05,4.1798982291219314e-05
2024,1.284223195428817e-05,4.700835908157535e-05,2.1707808268815485e-05,4.044028313941749e-05,6.096178045125454e-05,8.088837570582477e-05,1.0964941053335404e-05,2.54622063640266e-05,1.747031012432501e-05,3.6639661474330096e-05,1.974093937912756e-05,1.6014668836313383e-05,1.942513589900902e-05,1.6902260184627853e-05,2.8167663981581248e-05,1.5164428942849216e-05,3.9596573074922604e-05
