Years,English,Polish,Russian,Ukrainian,Lithuanian,German,Japanese,Spanish; Castilian,French,Italian,Chinese,Persian,Portuguese,Arabic,Turkish,Indonesian,Dutch; Flemish
2020,1.5202029340438739e-06,5.429772646907218e-06,2.565477214665131e-06,2.3214192162093715e-06,3.2171083357125105e-06,1.93910329632781e-05,5.002694260183208e-07,2.353356802243457e-06,3.0207656513337957e-06,6.7100032805923735e-06,9.853265456891697e-07,2.4031832049558286e-06,2.2992617017944534e-06,2.318209799622811e-06,4.145871843810573e-06,5.511512374474481e-07,7.987931866225897e-06
2021,1.3503001882132268e-06,5.7646275388297564e-06,2.1219467763000117e-06,1.5701470912223788e-06,2.988029132504556e-06,2.0464948072625095e-05,4.815924375226327e-07,1.738165683894514e-06,3.0854183914797786e-06,3.365871356572154e-06,9.886063738549911e-07,1.8128501118017078e-06,1.9801764248217174e-06,1.9589185809511046e-06,3.858472335526757e-06,5.99674536734163e-07,8.031222331151275e-06
2022,1.219913336209632e-06,5.141533587855978e-06,2.5960702449825155e-06,3.1830829955418227e-06,2.4455118323905015e-06,1.885840696011287e-05,1.1393548992779217e-06,2.0238325354075727e-06,2.543414682888527e-06,4.147889067848519e-06,1.2251529963993344e-06,2.077307353839492e-06,2.551750775727532e-06,2.2087629643526844e-06,5.0549738708559075e-06,6.326833504542497e-07,1.0425064673139993e-05
2023,1.3042271798958671e-06,5.986443222694563e-06,2.6587894523752984e-06,3.1969162912451887e-06,3.0126446820567472e-06,2.3949797665546534e-05,1.0476739009299453e-06,2.1890430316212005e-06,2.8004268324165846e-06,4.277747366186487e-06,1.2821040785264866e-06,2.7540612641115044e-06,2.9952989313584105e-06,2.587778411373332e-06,5.737668505451728e-06,1.0016171438038022e-06,1.3586296530654666e-05
2024,1.2828913344392911e-06,5.822637750417322e-06,2.526895833242849e-06,4.4341306362632885e-06,3.4342158864833995e-06,2.4163869233277982e-05,8.737110648615139e-07,2.6964867683046733e-06,2.4408907813100514e-06,4.116775177769546e-06,1.0237115587415134e-06,2.071448849971667e-06,2.7406812481571602e-06,2.121465701799689e-06,5.306344568819858e-06,9.355520701179262e-07,1.2534110693312878e-05
