Years,English,Polish,Russian,Ukrainian,Lithuanian,German,Japanese,Spanish; Castilian,French,Italian,Chinese,Persian,Portuguese,Arabic,Turkish,Indonesian,Dutch; Flemish
2020,1.9022602824128567e-06,7.10051968170538e-06,2.797401746053528e-06,2.7541270801879443e-06,6.20605295967236e-06,4.121273605179154e-05,6.728898653257414e-07,1.6958088306248727e-06,3.2014961778768745e-06,3.7970390719300678e-06,1.509049469082231e-06,2.0727575736040133e-06,1.9177932830876467e-06,3.2685341449490482e-06,3.232899672149574e-06,3.466264228145553e-07,1.770632372261713e-05
2021,2.04296358268643e-06,7.540680596700465e-06,2.7184698913612808e-06,2.868689038716512e-06,7.369028367843362e-06,3.668175515260938e-05,6.513352721966493e-07,2.074739831047271e-06,3.4323245135662767e-06,4.267652853229193e-06,1.2774302341019426e-06,2.1256424316487556e-06,2.0510712758046083e-06,3.3614359419050995e-06,3.3384421240489746e-06,4.587828805238932e-07,1.919413078295126e-05
2022,2.2484620568553065e-06,1.001190008169072e-05,3.876147092326721e-06,7.848710724554206e-06,7.907995306802275e-06,3.559091441120099e-05,8.174176064399999e-07,2.3745088313174335e-06,3.516025431083739e-06,4.616431302573747e-06,1.679190438465598e-06,2.719309823431619e-06,2.7281390781971773e-06,4.3323330188984175e-06,4.283575350375451e-06,5.84887809254761e-07,3.114419346717595e-05
2023,2.298872807185605e-06,1.075645792992465e-05,4.166100387260114e-06,8.82813535086349e-06,7.641830413021992e-06,3.972140291047592e-05,8.917045385476589e-07,2.721810781930409e-06,4.273720280786061e-06,5.136217043654516e-06,1.8846760811321076e-06,3.09921067133209e-06,3.228776129817691e-06,4.217031015337336e-06,4.313808515893506e-06,7.784194134890449e-07,3.5541981942339476e-05
2024,2.582062183844895e-06,1.0979964115848886e-05,3.7704960491992155e-06,9.849840432682273e-06,8.674509039692526e-06,3.834153200883512e-05,1.0424264209234606e-06,4.269177245118629e-06,4.303335689026327e-06,5.61870957251126e-06,1.999985475390654e-06,2.6629006589254517e-06,3.523379031633714e-06,4.3579968394141454e-06,4.480415367518156e-06,6.414392363913837e-07,3.758453906606476e-05
