Years,English,Polish,Russian,Ukrainian,Lithuanian,German,Japanese,Spanish; Castilian,French,Italian,Chinese,Persian,Portuguese,Arabic,Turkish,Indonesian,Dutch; Flemish
2020,5.168297665314579e-06,1.9105560434160696e-05,9.047544962302767e-06,9.242406078439628e-06,2.489266095221524e-05,4.265717059204843e-05,2.708931454558107e-06,5.873085495266981e-06,7.071460006935405e-06,1.1447556907809292e-05,4.733940291161551e-06,4.879687133948848e-06,6.387577033538889e-06,3.809499474516867e-06,1.2311266704103634e-05,1.3748330591575847e-06,2.0406461901315713e-05
2021,5.850667579013424e-06,2.020410440033442e-05,9.167682148017764e-06,9.32099470521934e-06,2.445276014716289e-05,4.115504320144472e-05,3.066999314408011e-06,6.125247650753007e-06,7.263986335901696e-06,1.1329428207617205e-05,4.28982882395917e-06,5.309481461489742e-06,6.84982031865057e-06,4.083866097375312e-06,1.07706987231256e-05,1.683619891799102e-06,2.2446443958376157e-05
2022,7.042832215046087e-06,2.6820223594316955e-05,1.2903020693156903e-05,2.00167131391751e-05,4.2909908646686944e-05,4.3893864158797534e-05,3.123441277745672e-06,8.318892462859144e-06,7.270408357256259e-06,1.4122098191259271e-05,5.641036373588794e-06,7.408790282847228e-06,9.318678013901097e-06,5.022082953803317e-06,1.4640091723530898e-05,2.2423399667827957e-06,2.8009682844052016e-05
2023,7.60379156112277e-06,3.259834032130706e-05,2.0038374345666035e-05,1.5977847561984246e-05,4.3466992648428516e-05,5.4925261970749225e-05,4.095887159611174e-06,9.387444417678519e-06,8.003266580914645e-06,1.5175562540257577e-05,7.488172847818696e-06,7.190386174439879e-06,1.125101066398528e-05,5.516090263135163e-06,1.7828567800814388e-05,3.3749992201942653e-06,3.1217854784895246e-05
2024,7.596513346485341e-06,3.0360841454233562e-05,1.1709576315222529e-05,2.215995212010563e-05,4.730498929645657e-05,4.8574963768278996e-05,3.62115179256735e-06,1.0065052563269834e-05,7.62966875728998e-06,1.3979640779721655e-05,6.891313342281702e-06,7.0909259939366794e-06,9.60406642501986e-06,5.2678661189124045e-06,1.695837216605622e-05,2.723959447814531e-06,2.9848848354258634e-05
