Years,English,Polish,Russian,Ukrainian,Lithuanian,German,Japanese,Spanish; Castilian,French,Italian,Chinese,Persian,Portuguese,Arabic,Turkish,Indonesian,Dutch; Flemish
2020,3.8864180187929663e-07,1.9693829782161908e-06,7.702133856434535e-07,6.630955645293267e-07,1.8481260651965486e-06,1.2462036692179546e-05,1.5766733118907076e-07,2.814896372884052e-07,5.472336587950393e-07,6.783051527814997e-07,2.460251267129325e-07,5.069742168624199e-07,3.273122546562766e-07,8.377319748717361e-07,1.6889985175728485e-06,8.475345916549155e-08,3.6072028613436866e-06
2021,3.710616464063686e-07,1.7939012066342545e-06,6.615249570408731e-07,6.98092559499871e-07,2.2590655035602077e-06,1.1479435414395541e-05,1.5063921493534843e-07,2.949063900305498e-07,5.876710613764235e-07,7.176094353196437e-07,2.1778627649689217e-07,7.613802301653277e-07,3.510299706561763e-07,7.922588800092351e-07,1.4886022963591505e-06,1.38059663120616e-07,4.909347980508281e-06
2022,4.890069788217847e-07,2.29703113474011e-06,1.3686771129931818e-06,2.2073024389482133e-06,1.5294953728352965e-06,1.234326283611897e-05,1.6788038860870413e-07,3.846063296184878e-07,6.343113575186162e-07,8.603692365636359e-07,2.6893134506839936e-07,9.3887749693218e-07,4.324033243398728e-07,9.656499088668583e-07,1.8939513386981132e-06,1.7822066209978867e-07,7.169056128504759e-06
2023,4.992080403834773e-07,2.7322913397448834e-06,1.4192556059901994e-06,2.320668303044493e-06,2.07374457789272e-06,1.4462187377154887e-05,1.8745189995974054e-07,3.8520258205809696e-07,7.061537225300324e-07,8.662099778386422e-07,2.644973948279411e-07,1.1516304040135685e-06,5.226108805093032e-07,1.0333190832841302e-06,1.8114963973619064e-06,2.7865058256687094e-07,8.884639019264665e-06
2024,4.610926782606326e-07,2.93303066865808e-06,1.3104208081953958e-06,3.1752967083728337e-06,2.2865116135394657e-06,1.4065785830151735e-05,2.0022354416472056e-07,7.523191840257309e-07,7.272164551946588e-07,9.529102403120617e-07,3.061719571687123e-07,9.682031924607625e-07,5.24984537718557e-07,1.0803365918164344e-06,1.905355587870879e-06,1.5964070681489595e-07,8.74704562039721e-06
