Years,English,Polish,Russian,Ukrainian,Lithuanian,German,Japanese,Spanish; Castilian,French,Italian,Chinese,Persian,Portuguese,Arabic,Turkish,Indonesian,Dutch; Flemish
2020,1.4483995215288252e-06,7.853628620096377e-06,4.680583323227803e-06,3.69672853523316e-06,8.70064287483478e-06,2.8141658117702228e-05,4.7028991023202144e-07,1.24040144893308e-06,1.9940862869728323e-06,2.5768246887465336e-06,1.0409069729864435e-06,1.2985486125534103e-06,1.3522414120160975e-06,1.6076102695357928e-06,2.389215567087847e-06,3.334312734834009e-07,9.112758564924466e-06
2021,1.5682047630568335e-06,8.00505697634837e-06,4.936405412572167e-06,3.8125730299373987e-06,9.260003326095038e-06,2.6277581699943513e-05,4.971471634758566e-07,1.2937096079243016e-06,2.30348455195103e-06,2.8373575464686e-06,9.463888624596709e-07,1.2574755761593014e-06,1.2261651959470034e-06,1.5882320538769288e-06,2.6842921986620805e-06,4.984307837790445e-07,9.38236077723285e-06
2022,1.7653908340168584e-06,1.021518366773641e-05,6.012357220150796e-06,7.353270886825344e-06,1.1454407654804996e-05,2.452244176139797e-05,5.490254970720171e-07,1.5863032669141128e-06,2.1986095346989204e-06,3.464473961147389e-06,1.0979764758712683e-06,1.5612518655431459e-06,1.4665427433904777e-06,1.882059879037956e-06,2.982909973197229e-06,6.059502511392815e-07,1.0925989064622336e-05
2023,1.7596651733916562e-06,1.2483532220473475e-05,6.666093952091494e-06,6.0243101359773076e-06,1.413248765485157e-05,2.629866408755312e-05,6.291997123287729e-07,1.787838252746262e-06,2.3737540799398347e-06,3.8617062212660186e-06,1.1801954100156411e-06,1.6071868558667234e-06,1.6497421834161728e-06,2.0780122592128153e-06,3.215866288203743e-06,7.569314332413509e-07,1.2118655844353677e-05
2024,1.7858300142576276e-06,1.255019203495863e-05,6.8361151862079325e-06,8.4334090578689e-06,1.3042902822758197e-05,2.4968514694594855e-05,6.638701958398421e-07,2.5791124889711987e-06,2.52993769419103e-06,3.9895755221888145e-06,1.1868463508225363e-06,1.4352108057734044e-06,1.7186783079053231e-06,2.0532787768724185e-06,3.1828634959513847e-06,6.515066683526834e-07,1.2703500185392173e-05
