Years,English,Polish,Russian,Ukrainian,Lithuanian,German,Japanese,Spanish; Castilian,French,Italian,Chinese,Persian,Portuguese,Arabic,Turkish,Indonesian,Dutch; Flemish
2020,5.470101022347708e-06,1.9373774004964416e-05,9.987891631812274e-06,1.0972068053640464e-05,1.9112513587814512e-05,4.639774024513975e-05,4.2508607799385315e-06,5.537071093590428e-06,8.535791842887977e-06,1.2359851617086598e-05,6.757721732162284e-06,9.505163599689803e-06,7.776160081957316e-06,7.609305566146922e-06,1.4364638936616185e-05,2.632432291565298e-06,1.633824632405222e-05
2021,5.835795886853605e-06,1.8064273619483067e-05,9.754313678429963e-06,9.89563038120637e-06,1.5358758439540326e-05,4.1117458604794154e-05,4.644444847848795e-06,6.2284998287791055e-06,8.866915830314778e-06,1.2586629471767463e-05,5.771492111342533e-06,1.009680155033159e-05,7.199415170865797e-06,8.074874848289157e-06,1.731725909827413e-05,3.0082846594846024e-06,1.5364077503072005e-05
2022,6.726204671172296e-06,2.1596495921128423e-05,1.2961843206648778e-05,2.2912912876298683e-05,2.1009551824660668e-05,4.35258907957842e-05,5.376919053608838e-06,7.498636370987616e-06,8.839193263755881e-06,1.5035658996620862e-05,7.4637080147014405e-06,1.2362432267967624e-05,1.151698022925136e-05,1.0573299852003933e-05,2.2508736943945346e-05,4.6296867450013286e-06,2.0024079231870756e-05
2023,7.0236990970150024e-06,2.565938945958254e-05,1.3962927021354519e-05,2.440026578478555e-05,2.2770368613160615e-05,5.101865927018416e-05,5.958679139480587e-06,8.319800843227943e-06,1.040934782802225e-05,1.7032355049617218e-05,8.9588713917221e-06,1.2990662728459841e-05,1.3190586611006075e-05,1.102356378941839e-05,2.7524350520585572e-05,7.6864584827961e-06,2.3168441721093187e-05
2024,6.731142404611612e-06,2.712345796668631e-05,1.3447762329180086e-05,2.7081467453334234e-05,2.631712588657486e-05,4.737120092316835e-05,6.0165068369387e-06,1.1710997909455036e-05,9.352678646852573e-06,1.6557698756363603e-05,8.95249699716557e-06,1.2010574277662093e-05,1.1411953164149105e-05,1.0282162110751524e-05,2.476195877392962e-05,4.464186972553487e-06,2.2829148520737258e-05
