Years,English,Polish,Russian,Ukrainian,Lithuanian,German,Japanese,Spanish; Castilian,French,Italian,Chinese,Persian,Portuguese,Arabic,Turkish,Indonesian,Dutch; Flemish
2020,1.8078831154316918e-06,7.966315571718772e-06,3.241137550408621e-06,3.0897680449497024e-06,6.122392932029718e-06,2.5084221452480593e-05,7.963996064013268e-07,1.6552477254092993e-06,2.745804267492062e-06,4.1855028896552035e-06,1.2411599831016212e-06,2.90292182405142e-06,1.2522425301508635e-06,1.4629551710710694e-06,3.7929102810166332e-06,3.958544799346312e-07,8.52264012447423e-06
2021,1.9558467162929324e-06,7.914193673552133e-06,2.997654821354423e-06,3.2065119654198258e-06,6.1781471918451694e-06,2.4850628860203004e-05,6.989055505972857e-07,1.8147749564231848e-06,2.8373293618106813e-06,4.075941584702547e-06,1.0524778855600883e-06,1.889786932409248e-06,1.4009626220546168e-06,1.7286323617266668e-06,3.5035612057955698e-06,4.85686814875603e-07,9.311946898368283e-06
2022,2.155418504408332e-06,8.904114619105993e-06,4.068190687776828e-06,7.463683193519205e-06,6.605403093673314e-06,2.3570755078526156e-05,7.84774197543863e-07,2.2737079440023e-06,2.851092145960776e-06,4.589923293040772e-06,1.3254747463784877e-06,2.3120267280725374e-06,1.6822404389819294e-06,1.9281734724197e-06,4.177721979035898e-06,6.213420355933541e-07,1.1523297282108057e-05
2023,2.2045021817486043e-06,1.0732159265663683e-05,4.649339884106595e-06,9.965321740929907e-06,7.527529530775937e-06,3.188911187942604e-05,8.890885110698761e-07,2.459547232902297e-06,3.4267943551282886e-06,5.0292601658060405e-06,1.6738815946065623e-06,2.1340832442516923e-06,1.967929249982118e-06,2.408550284853069e-06,4.581797373243818e-06,6.21765105876824e-07,1.3672628335731194e-05
2024,2.0729176218112123e-06,1.0824492166327155e-05,4.229166960282682e-06,1.154547222272328e-05,7.820403534245876e-06,2.7258476533683108e-05,9.59717427153679e-07,3.7114413078602723e-06,3.3977860346479872e-06,5.409609283992508e-06,1.6170442043014603e-06,1.8806800006096945e-06,2.088964097826841e-06,2.063506815611509e-06,4.860661145419368e-06,5.486750418908361e-07,1.5303415372642866e-05
