Years,English,Polish,Russian,Ukrainian,Lithuanian,German,Japanese,Spanish; Castilian,French,Italian,Chinese,Persian,Portuguese,Arabic,Turkish,Indonesian,Dutch; Flemish
2020,1.5111055731552277e-06,6.670881276621646e-06,2.8469591559791673e-06,1.933151619342111e-06,4.122157725664729e-06,2.6451550946104553e-05,7.258854396863635e-07,1.1602397018312638e-06,2.3958839733854063e-06,3.0015921625360316e-06,1.1659629344053094e-06,1.1615546281681322e-06,1.5876307040076579e-06,2.3070251270611053e-06,4.025229092555369e-06,3.6895667552881654e-07,9.688470358002206e-06
2021,1.3790768563380468e-06,7.558853257259712e-06,2.6332811419345953e-06,2.2469152799336684e-06,5.023353324210558e-06,2.6557438228960332e-05,6.690797411238709e-07,1.3555560901937416e-06,2.489144430292899e-06,2.745963891970343e-06,1.0071446906669584e-06,1.2726106884099651e-06,1.681671789104282e-06,2.358948029507104e-06,3.5497439374718203e-06,5.225027250411006e-07,9.163616022399482e-06
2022,1.4492598611689105e-06,7.598916576570757e-06,3.4976489564467615e-06,5.70369215092048e-06,5.075907720838017e-06,2.5424903271017796e-05,6.767678165788386e-07,1.3978580359667828e-06,2.204442282814034e-06,2.9278184304036564e-06,1.1758553104631156e-06,1.7530347688799022e-06,1.755147604002716e-06,2.521006702590086e-06,4.7754449082167285e-06,5.208903896825642e-07,1.3960722065052632e-05
2023,1.4947716911285377e-06,9.664887166201152e-06,3.88304556030865e-06,6.339961428556809e-06,6.319205918460494e-06,3.0091266063167358e-05,6.762882069288617e-07,1.7225837854871665e-06,2.3885420393889213e-06,3.0533725802894624e-06,1.4476528076633993e-06,2.2054231807835066e-06,2.0305865491188666e-06,2.7659725294713625e-06,4.327343306668774e-06,6.176061419579154e-07,1.6197491047691578e-05
2024,1.4840143622915664e-06,1.0518200794451426e-05,3.5354425656087395e-06,7.798155151445047e-06,6.975194961147631e-06,2.9323133507671197e-05,7.564712951767736e-07,2.886283475311995e-06,2.721436431569479e-06,3.800044411451713e-06,1.2661505005800148e-06,2.322388519204082e-06,2.3141091861538822e-06,2.9022059922169303e-06,4.539957729639121e-06,6.054841222438847e-07,1.4863572069680662e-05
